date,tmax_f,tmin_f,tmean_f,precip_in,snow_in
2010-01-01,41.3,29.0,33.1,0.071,0.413
2010-01-02,30.6,15.4,25.9,0.028,0.276
2010-01-03,23.6,14.0,18.3,0.0,0.11
2010-01-04,30.7,18.8,23.2,0.0,0.0
2010-01-05,31.8,19.1,23.7,0.0,0.0
2010-01-06,34.2,22.4,26.9,0.0,0.0
2010-01-07,38.7,25.2,29.7,0.0,0.0
2010-01-08,35.7,21.6,29.3,0.028,0.303
2010-01-09,29.8,18.1,22.1,0.0,0.0
2010-01-10,29.1,13.7,20.2,0.0,0.0
2010-01-11,33.2,18.9,24.8,0.0,0.0
2010-01-12,35.9,23.3,28.1,0.0,0.0
2010-01-13,36.2,21.4,27.0,0.0,0.0
2010-01-14,39.8,24.2,30.6,0.0,0.0
2010-01-15,47.2,27.9,35.3,0.0,0.0
2010-01-16,47.5,28.7,35.4,0.0,0.0
2010-01-17,40.7,28.3,34.5,0.28,0.0
2010-01-18,49.3,35.4,40.2,0.094,0.0
2010-01-19,47.8,30.6,38.2,0.0,0.0
2010-01-20,41.6,27.8,33.3,0.0,0.0
2010-01-21,39.5,24.3,30.7,0.0,0.0
2010-01-22,42.6,27.2,33.2,0.0,0.0
2010-01-23,38.4,24.4,29.9,0.0,0.0
2010-01-24,47.9,24.6,37.3,0.0,0.0
2010-01-25,55.3,45.0,51.2,1.13,0.0
2010-01-26,43.2,31.8,38.4,0.055,0.0
2010-01-27,39.4,27.5,32.3,0.0,0.0
2010-01-28,41.5,22.1,31.4,0.02,0.193
2010-01-29,24.8,15.9,20.0,0.0,0.0
2010-01-30,21.8,13.4,17.9,0.0,0.138
2010-01-31,30.8,16.1,22.6,0.0,0.0
2010-02-01,35.7,21.4,27.3,0.0,0.0
2010-02-02,34.1,22.8,28.0,0.012,0.11
2010-02-03,40.3,27.5,31.8,0.122,0.882
2010-02-04,36.6,25.0,29.0,0.0,0.0
2010-02-05,37.1,25.2,31.1,0.0,0.028
2010-02-06,30.4,19.4,25.5,0.437,3.087
2010-02-07,31.3,12.8,20.6,0.0,0.0
2010-02-08,33.9,12.7,22.0,0.0,0.0
2010-02-09,37.1,15.9,26.0,0.016,0.11
2010-02-10,33.2,29.8,31.6,1.24,8.654
2010-02-11,33.9,23.2,29.4,0.028,0.193
2010-02-12,32.1,11.0,20.2,0.0,0.0
2010-02-13,30.0,12.3,20.4,0.0,0.0
2010-02-14,36.2,18.6,26.6,0.0,0.0
2010-02-15,35.4,17.3,27.1,0.02,0.138
2010-02-16,33.8,28.1,31.5,0.382,2.618
2010-02-17,34.0,17.1,26.1,0.0,0.0
2010-02-18,38.3,24.1,30.9,0.0,0.0
2010-02-19,40.9,26.7,32.8,0.0,0.0
2010-02-20,44.0,23.9,33.2,0.0,0.0
2010-02-21,42.1,24.0,31.9,0.0,0.0
2010-02-22,39.5,20.9,30.3,0.0,0.0
2010-02-23,36.8,33.6,35.0,0.52,0.882
2010-02-24,38.2,33.4,36.4,0.386,0.0
2010-02-25,35.7,31.2,33.4,1.618,9.728
2010-02-26,32.6,24.5,29.1,0.697,4.85
2010-02-27,36.5,17.3,27.0,0.0,0.0
2010-02-28,36.8,24.2,29.6,0.0,0.0
2010-03-01,43.4,30.0,35.6,0.0,0.0
2010-03-02,42.5,25.2,33.4,0.031,0.0
2010-03-03,39.3,33.0,35.2,0.236,1.047
2010-03-04,43.4,29.6,35.6,0.0,0.0
2010-03-05,42.6,31.7,35.2,0.008,0.138
2010-03-06,45.4,22.4,34.1,0.0,0.0
2010-03-07,49.3,23.1,35.9,0.0,0.0
2010-03-08,54.6,26.1,39.3,0.0,0.0
2010-03-09,54.4,31.6,43.1,0.0,0.0
2010-03-10,48.9,30.8,40.3,0.0,0.0
2010-03-11,50.9,35.5,42.0,0.0,0.0
2010-03-12,43.9,39.9,41.6,0.323,0.0
2010-03-13,46.2,39.7,43.2,2.583,0.0
2010-03-14,48.1,43.0,45.3,0.343,0.0
2010-03-15,44.6,38.8,41.6,0.319,0.0
2010-03-16,59.6,38.6,47.1,0.02,0.0
2010-03-17,62.1,34.6,47.7,0.0,0.0
2010-03-18,64.7,34.4,49.2,0.0,0.0
2010-03-19,67.7,38.9,52.3,0.0,0.0
2010-03-20,69.7,41.6,55.1,0.0,0.0
2010-03-21,62.3,41.6,51.7,0.0,0.0
2010-03-22,56.6,47.2,52.3,0.78,0.0
2010-03-23,55.6,47.0,49.9,0.492,0.0
2010-03-24,59.3,40.7,48.4,0.0,0.0
2010-03-25,61.7,39.4,51.6,0.0,0.0
2010-03-26,55.2,34.8,42.7,0.24,0.0
2010-03-27,41.2,28.6,34.4,0.0,0.0
2010-03-28,46.9,30.6,39.9,0.154,0.0
2010-03-29,52.5,47.0,50.3,2.354,0.0
2010-03-30,49.0,43.3,45.4,2.248,0.0
2010-03-31,56.3,44.6,48.8,0.012,0.0
2010-04-01,65.5,40.0,51.4,0.0,0.0
2010-04-02,62.7,41.3,50.6,0.0,0.0
2010-04-03,62.6,42.7,50.0,0.0,0.0
2010-04-04,72.1,45.7,57.7,0.0,0.0
2010-04-05,70.1,45.2,57.3,0.0,0.0
2010-04-06,72.1,52.9,61.3,0.02,0.0
2010-04-07,85.7,58.9,71.3,0.0,0.0
2010-04-08,79.0,59.9,68.0,0.0,0.0
2010-04-09,63.2,48.8,57.3,0.378,0.0
2010-04-10,59.4,39.5,48.9,0.0,0.0
2010-04-11,72.4,47.0,57.8,0.016,0.0
2010-04-12,64.0,45.2,55.3,0.0,0.0
2010-04-13,53.5,43.4,49.2,0.008,0.0
2010-04-14,63.3,38.6,51.5,0.0,0.0
2010-04-15,69.9,46.1,57.1,0.0,0.0
2010-04-16,57.1,46.7,50.5,0.075,0.0
2010-04-17,54.2,46.4,50.0,0.087,0.0
2010-04-18,55.2,39.4,47.7,0.0,0.0
2010-04-19,59.6,42.7,51.0,0.0,0.0
2010-04-20,65.1,41.9,54.6,0.0,0.0
2010-04-21,65.9,45.2,55.5,0.043,0.0
2010-04-22,69.3,47.0,56.6,0.067,0.0
2010-04-23,65.4,44.1,54.2,0.0,0.0
2010-04-24,65.0,43.3,54.6,0.0,0.0
2010-04-25,53.0,47.8,49.6,0.72,0.0
2010-04-26,51.9,47.9,49.7,0.366,0.0
2010-04-27,58.3,42.6,50.6,0.051,0.0
2010-04-28,55.6,39.7,47.5,0.004,0.0
2010-04-29,66.1,42.5,53.5,0.0,0.0
2010-04-30,74.8,44.3,59.5,0.0,0.0
2010-05-01,83.1,55.8,68.2,0.0,0.0
2010-05-02,87.5,64.4,74.9,0.0,0.0
2010-05-03,78.4,66.8,72.4,0.307,0.0
2010-05-04,79.4,59.3,68.5,0.008,0.0
2010-05-05,77.0,51.4,64.5,0.0,0.0
2010-05-06,77.8,58.6,68.2,0.0,0.0
2010-05-07,71.5,50.9,60.8,0.0,0.0
2010-05-08,77.2,53.3,64.9,0.035,0.0
2010-05-09,54.2,44.2,49.1,0.0,0.0
2010-05-10,59.5,41.6,49.9,0.0,0.0
2010-05-11,56.8,40.4,49.6,0.043,0.0
2010-05-12,49.9,44.2,47.2,0.413,0.0
2010-05-13,65.8,41.9,54.0,0.0,0.0
2010-05-14,81.2,53.5,67.0,0.055,0.0
2010-05-15,71.8,58.4,65.2,0.0,0.0
2010-05-16,69.7,53.3,61.0,0.0,0.0
2010-05-17,73.0,51.1,62.2,0.0,0.0
2010-05-18,58.3,50.2,52.9,0.362,0.0
2010-05-19,64.0,50.9,56.9,0.0,0.0
2010-05-20,78.2,54.1,65.8,0.0,0.0
2010-05-21,81.3,55.7,67.7,0.0,0.0
2010-05-22,70.6,56.2,62.5,0.043,0.0
2010-05-23,71.4,57.8,63.8,0.094,0.0
2010-05-24,71.7,60.5,64.8,0.008,0.0
2010-05-25,78.8,58.4,67.6,0.0,0.0
2010-05-26,92.6,61.0,77.3,0.0,0.0
2010-05-27,76.4,59.7,69.5,0.091,0.0
2010-05-28,72.0,57.4,63.7,0.012,0.0
2010-05-29,75.9,59.3,67.5,0.083,0.0
2010-05-30,84.4,64.5,74.6,0.0,0.0
2010-05-31,86.6,62.9,73.0,0.0,0.0
2010-06-01,85.8,68.0,74.7,0.248,0.0
2010-06-02,83.2,64.7,73.7,0.0,0.0
2010-06-03,87.5,67.8,77.0,0.189,0.0
2010-06-04,86.2,68.8,78.1,0.0,0.0
2010-06-05,89.3,73.4,80.6,0.0,0.0
2010-06-06,90.8,64.1,78.1,0.059,0.0
2010-06-07,74.1,57.6,65.9,0.0,0.0
2010-06-08,72.2,57.4,65.0,0.0,0.0
2010-06-09,69.1,55.5,61.6,0.575,0.0
2010-06-10,77.6,59.6,67.3,0.146,0.0
2010-06-11,70.4,57.5,64.1,0.0,0.0
2010-06-12,81.0,57.1,69.4,0.0,0.0
2010-06-13,80.1,67.3,72.9,0.118,0.0
2010-06-14,77.7,66.1,70.9,0.031,0.0
2010-06-15,78.2,63.8,70.5,0.0,0.0
2010-06-16,77.3,59.3,68.6,0.031,0.0
2010-06-17,75.5,65.9,71.3,0.008,0.0
2010-06-18,83.6,59.6,72.2,0.0,0.0
2010-06-19,83.0,59.8,71.5,0.0,0.0
2010-06-20,90.0,69.3,80.0,0.004,0.0
2010-06-21,88.9,70.9,80.1,0.0,0.0
2010-06-22,86.0,68.1,76.2,0.224,0.0
2010-06-23,90.7,70.7,80.5,0.047,0.0
2010-06-24,93.7,74.1,83.1,0.079,0.0
2010-06-25,86.6,70.0,77.7,0.0,0.0
2010-06-26,90.1,67.4,79.7,0.0,0.0
2010-06-27,91.0,72.9,82.5,0.0,0.0
2010-06-28,95.7,80.7,85.3,0.028,0.0
2010-06-29,89.9,75.0,82.1,0.0,0.0
2010-06-30,80.4,64.2,72.6,0.0,0.0
2010-07-01,77.8,62.8,70.0,0.0,0.0
2010-07-02,80.5,59.7,71.0,0.0,0.0
2010-07-03,88.8,60.6,75.9,0.0,0.0
2010-07-04,97.1,68.1,83.4,0.0,0.0
2010-07-05,98.1,70.1,85.2,0.0,0.0
2010-07-06,101.0,75.0,89.4,0.0,0.0
2010-07-07,98.6,78.6,87.4,0.0,0.0
2010-07-08,84.4,74.9,79.0,0.051,0.0
2010-07-09,85.4,73.1,78.4,0.004,0.0
2010-07-10,81.1,73.1,77.1,0.209,0.0
2010-07-11,88.4,71.0,79.5,0.051,0.0
2010-07-12,90.8,71.4,80.2,0.02,0.0
2010-07-13,81.1,74.0,76.6,0.835,0.0
2010-07-14,76.0,73.4,74.7,0.913,0.0
2010-07-15,82.5,71.7,76.3,0.008,0.0
2010-07-16,89.5,72.2,80.8,0.0,0.0
2010-07-17,90.2,74.0,82.3,0.0,0.0
2010-07-18,90.8,74.8,82.4,0.0,0.0
2010-07-19,92.4,72.3,81.2,0.189,0.0
2010-07-20,87.1,73.5,79.9,0.0,0.0
2010-07-21,90.7,73.2,82.1,0.059,0.0
2010-07-22,87.1,72.1,80.0,0.0,0.0
2010-07-23,88.5,70.7,81.0,0.004,0.0
2010-07-24,94.5,79.2,86.4,0.051,0.0
2010-07-25,89.2,72.0,80.6,0.453,0.0
2010-07-26,84.5,66.4,75.8,0.0,0.0
2010-07-27,88.8,64.4,77.5,0.0,0.0
2010-07-28,87.3,68.6,79.3,0.004,0.0
2010-07-29,86.8,74.9,80.7,0.067,0.0
2010-07-30,81.7,67.0,75.1,0.004,0.0
2010-07-31,82.5,65.9,74.1,0.0,0.0
2010-08-01,80.8,68.3,73.0,0.157,0.0
2010-08-02,81.1,66.9,74.1,0.0,0.0
2010-08-03,84.2,69.8,76.8,0.004,0.0
2010-08-04,88.6,73.8,80.7,0.004,0.0
2010-08-05,92.9,76.3,83.5,0.008,0.0
2010-08-06,86.7,73.6,80.5,0.0,0.0
2010-08-07,84.3,67.9,76.3,0.0,0.0
2010-08-08,85.9,69.8,77.4,0.0,0.0
2010-08-09,91.9,69.7,80.7,0.0,0.0
2010-08-10,90.5,75.0,81.8,0.059,0.0
2010-08-11,90.8,75.4,81.5,0.0,0.0
2010-08-12,77.6,71.1,74.1,0.134,0.0
2010-08-13,80.3,68.9,72.9,0.02,0.0
2010-08-14,78.7,62.7,70.8,0.0,0.0
2010-08-15,80.3,65.6,71.3,0.287,0.0
2010-08-16,86.0,70.2,77.4,0.083,0.0
2010-08-17,87.6,70.8,78.7,0.051,0.0
2010-08-18,78.5,68.6,74.2,0.016,0.0
2010-08-19,86.2,67.0,76.2,0.0,0.0
2010-08-20,88.3,67.8,78.1,0.0,0.0
2010-08-21,82.8,64.2,74.1,0.0,0.0
2010-08-22,76.4,72.1,73.7,1.386,0.0
2010-08-23,71.9,65.9,69.3,0.22,0.0
2010-08-24,68.1,64.0,65.8,0.008,0.0
2010-08-25,69.9,62.9,66.5,0.299,0.0
2010-08-26,79.7,63.5,71.2,0.0,0.0
2010-08-27,76.7,58.7,67.8,0.0,0.0
2010-08-28,80.1,57.9,69.1,0.0,0.0
2010-08-29,91.3,62.9,76.5,0.0,0.0
2010-08-30,89.9,65.8,77.4,0.0,0.0
2010-08-31,93.8,69.0,81.1,0.0,0.0
2010-09-01,93.4,70.5,82.3,0.0,0.0
2010-09-02,92.4,72.8,82.2,0.0,0.0
2010-09-03,82.9,71.3,77.0,0.008,0.0
2010-09-04,81.1,68.4,74.5,0.0,0.0
2010-09-05,76.0,59.9,68.3,0.0,0.0
2010-09-06,79.0,60.1,69.7,0.0,0.0
2010-09-07,87.1,64.2,75.1,0.0,0.0
2010-09-08,88.4,68.9,78.0,0.004,0.0
2010-09-09,71.6,62.8,67.2,0.0,0.0
2010-09-10,72.0,59.9,66.1,0.0,0.0
2010-09-11,78.0,57.7,67.7,0.0,0.0
2010-09-12,67.0,63.2,64.8,0.165,0.0
2010-09-13,74.9,61.4,67.2,0.024,0.0
2010-09-14,79.0,57.7,67.2,0.0,0.0
2010-09-15,71.6,56.3,63.4,0.0,0.0
2010-09-16,75.6,53.4,65.2,0.22,0.0
2010-09-17,71.0,60.6,66.2,0.358,0.0
2010-09-18,68.7,59.7,63.1,0.0,0.0
2010-09-19,78.5,56.0,66.5,0.0,0.0
2010-09-20,72.7,59.3,65.8,0.0,0.0
2010-09-21,72.7,50.6,62.2,0.0,0.0
2010-09-22,86.3,61.5,72.5,0.083,0.0
2010-09-23,78.5,63.5,69.9,0.0,0.0
2010-09-24,85.3,64.6,74.2,0.0,0.0
2010-09-25,87.5,71.0,79.0,0.0,0.0
2010-09-26,74.7,62.7,68.0,0.028,0.0
2010-09-27,70.8,63.0,66.9,0.634,0.0
2010-09-28,74.0,69.1,71.1,0.559,0.0
2010-09-29,76.6,61.4,68.8,0.0,0.0
2010-09-30,75.4,66.0,71.5,0.74,0.0
2010-10-01,73.1,59.4,65.1,1.839,0.0
2010-10-02,65.1,52.7,58.6,0.0,0.0
2010-10-03,61.1,52.6,56.3,0.283,0.0
2010-10-04,56.0,51.9,53.7,0.685,0.0
2010-10-05,63.7,54.6,57.9,0.13,0.0
2010-10-06,61.7,53.2,56.9,0.008,0.0
2010-10-07,69.0,49.6,58.1,0.0,0.0
2010-10-08,70.4,50.5,59.9,0.0,0.0
2010-10-09,70.4,53.1,60.7,0.0,0.0
2010-10-10,67.7,44.1,55.9,0.0,0.0
2010-10-11,74.1,52.8,62.6,0.02,0.0
2010-10-12,66.1,55.7,60.7,0.535,0.0
2010-10-13,62.0,47.0,54.0,0.0,0.0
2010-10-14,60.9,49.9,55.0,0.425,0.0
2010-10-15,57.1,48.8,52.4,0.051,0.0
2010-10-16,57.3,49.0,52.2,0.012,0.0
2010-10-17,67.2,44.6,54.4,0.0,0.0
2010-10-18,59.2,46.2,52.5,0.043,0.0
2010-10-19,57.3,47.9,51.5,0.094,0.0
2010-10-20,60.2,43.0,51.4,0.0,0.0
2010-10-21,60.9,45.4,51.5,0.0,0.0
2010-10-22,51.2,41.8,46.4,0.0,0.0
2010-10-23,62.6,40.9,50.4,0.0,0.0
2010-10-24,65.5,47.7,56.2,0.008,0.0
2010-10-25,70.8,49.8,60.5,0.067,0.0
2010-10-26,70.4,61.9,65.3,0.0,0.0
2010-10-27,71.3,65.0,68.2,0.406,0.0
2010-10-28,72.8,56.0,65.4,0.0,0.0
2010-10-29,55.7,46.4,51.6,0.0,0.0
2010-10-30,56.0,41.6,48.4,0.0,0.0
2010-10-31,56.2,42.6,49.6,0.0,0.0
2010-11-01,48.4,36.4,41.7,0.0,0.0
2010-11-02,49.3,35.1,42.4,0.0,0.0
2010-11-03,51.5,40.8,45.3,0.0,0.0
2010-11-04,49.5,43.4,47.1,0.976,0.0
2010-11-05,51.6,41.8,46.6,0.067,0.0
2010-11-06,50.3,37.7,43.4,0.0,0.0
2010-11-07,49.0,36.5,42.0,0.0,0.0
2010-11-08,42.5,38.5,40.1,0.122,0.055
2010-11-09,53.7,39.3,45.6,0.0,0.0
2010-11-10,55.4,43.7,49.0,0.0,0.0
2010-11-11,53.4,39.7,44.6,0.0,0.0
2010-11-12,58.3,37.7,45.7,0.0,0.0
2010-11-13,60.8,36.9,47.7,0.0,0.0
2010-11-14,58.1,39.0,47.2,0.0,0.0
2010-11-15,56.9,41.9,49.6,0.0,0.0
2010-11-16,56.0,46.4,51.4,0.295,0.0
2010-11-17,58.5,48.3,55.6,0.567,0.0
2010-11-18,54.2,41.7,47.5,0.0,0.0
2010-11-19,46.6,34.9,41.4,0.0,0.0
2010-11-20,54.0,34.4,43.5,0.0,0.0
2010-11-21,45.5,34.2,39.8,0.0,0.0
2010-11-22,61.5,39.3,51.0,0.0,0.0
2010-11-23,60.1,47.0,53.0,0.004,0.0
2010-11-24,50.4,38.8,43.5,0.0,0.0
2010-11-25,42.1,34.4,38.2,0.138,0.028
2010-11-26,52.6,38.6,47.4,0.181,0.0
2010-11-27,42.1,32.5,37.0,0.0,0.0
2010-11-28,45.4,28.9,36.4,0.0,0.0
2010-11-29,46.2,33.1,38.6,0.0,0.0
2010-11-30,55.4,36.8,47.8,0.039,0.0
2010-12-01,59.1,38.7,52.8,1.13,0.0
2010-12-02,41.7,32.8,36.8,0.0,0.0
2010-12-03,40.1,31.3,35.1,0.0,0.0
2010-12-04,38.9,30.1,33.6,0.0,0.0
2010-12-05,34.8,29.5,31.7,0.0,0.0
2010-12-06,34.7,29.3,31.4,0.0,0.0
2010-12-07,35.3,28.6,30.8,0.0,0.0
2010-12-08,32.8,24.5,28.9,0.0,0.0
2010-12-09,29.3,22.6,25.4,0.0,0.0
2010-12-10,33.2,20.2,27.0,0.0,0.0
2010-12-11,42.3,25.0,32.2,0.0,0.0
2010-12-12,53.3,33.2,45.8,0.929,0.0
2010-12-13,43.2,26.8,38.0,0.213,0.138
2010-12-14,25.4,20.0,22.2,0.008,0.193
2010-12-15,27.4,19.6,23.0,0.0,0.0
2010-12-16,30.3,22.1,25.2,0.0,0.0
2010-12-17,35.5,20.2,25.8,0.0,0.0
2010-12-18,36.1,21.8,27.8,0.0,0.0
2010-12-19,36.4,23.7,28.7,0.0,0.0
2010-12-20,36.6,24.6,28.9,0.0,0.0
2010-12-21,38.1,26.7,30.4,0.0,0.0
2010-12-22,38.7,26.8,30.8,0.0,0.0
2010-12-23,35.5,28.3,30.6,0.0,0.0
2010-12-24,38.8,28.1,31.0,0.0,0.0
2010-12-25,33.9,25.1,29.1,0.0,0.0
2010-12-26,29.5,20.7,26.6,0.61,4.299
2010-12-27,23.0,18.0,20.9,0.382,2.701
2010-12-28,33.5,17.6,25.5,0.0,0.0
2010-12-29,32.3,19.0,24.9,0.0,0.0
2010-12-30,31.2,16.9,22.1,0.0,0.0
2010-12-31,36.2,21.4,28.0,0.0,0.0
2011-01-01,40.7,27.1,34.5,0.0,0.0
2011-01-02,41.5,35.3,39.5,0.059,0.0
2011-01-03,34.3,22.8,27.9,0.0,0.0
2011-01-04,38.1,22.1,28.1,0.0,0.0
2011-01-05,37.1,22.4,28.3,0.0,0.0
2011-01-06,32.6,23.4,27.3,0.0,0.0
2011-01-07,34.5,22.5,27.8,0.102,0.689
2011-01-08,30.8,17.7,24.4,0.031,0.358
2011-01-09,30.4,23.1,26.1,0.0,0.028
2011-01-10,33.0,18.9,25.0,0.0,0.0
2011-01-11,31.0,16.4,23.7,0.098,0.717
2011-01-12,31.1,19.5,26.0,0.496,3.5
2011-01-13,25.9,13.7,19.5,0.0,0.0
2011-01-14,24.0,4.2,14.0,0.0,0.0
2011-01-15,33.0,14.1,24.3,0.0,0.0
2011-01-16,32.0,15.1,25.4,0.0,0.0
2011-01-17,24.2,10.1,17.8,0.0,0.0
2011-01-18,41.9,24.9,35.3,1.02,2.48
2011-01-19,39.4,30.8,34.8,0.059,0.0
2011-01-20,32.2,20.5,27.8,0.0,0.0
2011-01-21,31.5,15.6,26.8,0.26,1.902
2011-01-22,21.5,4.3,13.5,0.0,0.0
2011-01-23,21.8,1.1,10.5,0.0,0.0
2011-01-24,17.5,-2.0,7.0,0.0,0.0
2011-01-25,33.9,17.3,25.6,0.0,0.083
2011-01-26,32.3,18.4,26.8,0.488,3.445
2011-01-27,33.8,26.4,30.0,0.425,2.976
2011-01-28,32.1,20.0,26.2,0.0,0.0
2011-01-29,32.5,18.4,25.1,0.008,0.11
2011-01-30,34.7,14.9,24.3,0.0,0.0
2011-01-31,26.4,7.5,16.9,0.0,0.0
2011-02-01,32.0,19.6,26.4,0.232,0.827
2011-02-02,40.0,26.1,33.2,0.669,0.055
2011-02-03,29.1,12.2,23.0,0.0,0.0
2011-02-04,31.0,4.7,17.5,0.0,0.0
2011-02-05,43.7,18.0,30.1,0.154,0.0
2011-02-06,39.9,25.2,34.2,0.0,0.0
2011-02-07,39.6,21.2,30.9,0.031,0.0
2011-02-08,36.9,16.6,31.1,0.083,0.0
2011-02-09,28.2,8.6,18.6,0.0,0.0
2011-02-10,25.5,10.8,21.1,0.008,0.11
2011-02-11,34.8,7.7,19.8,0.0,0.0
2011-02-12,36.4,16.4,26.7,0.0,0.0
2011-02-13,43.1,19.6,31.4,0.0,0.0
2011-02-14,54.8,37.0,43.5,0.0,0.0
2011-02-15,35.1,20.2,27.1,0.0,0.0
2011-02-16,44.1,20.9,32.1,0.0,0.0
2011-02-17,55.5,36.5,43.5,0.0,0.0
2011-02-18,65.2,42.6,50.7,0.0,0.0
2011-02-19,47.8,23.6,35.9,0.0,0.0
2011-02-20,38.9,18.2,27.1,0.0,0.0
2011-02-21,36.5,25.1,31.3,0.118,0.909
2011-02-22,34.4,17.7,23.6,0.067,0.469
2011-02-23,41.5,18.4,29.0,0.0,0.0
2011-02-24,44.4,24.2,34.6,0.004,0.0
2011-02-25,53.2,31.1,40.6,1.11,0.0
2011-02-26,42.5,27.5,33.7,0.0,0.0
2011-02-27,49.3,34.5,40.5,0.0,0.028
2011-02-28,63.9,36.4,47.2,0.28,0.0
2011-03-01,43.5,29.0,35.7,0.0,0.0
2011-03-02,52.1,25.8,37.5,0.0,0.0
2011-03-03,32.6,20.2,25.5,0.0,0.0
2011-03-04,39.4,22.8,32.0,0.0,0.0
2011-03-05,56.5,36.2,46.2,0.0,0.0
2011-03-06,53.8,48.6,50.7,1.48,0.0
2011-03-07,51.7,32.1,39.7,0.85,0.083
2011-03-08,45.4,26.3,34.7,0.0,0.0
2011-03-09,41.3,28.3,34.7,0.004,0.0
2011-03-10,49.4,37.1,44.4,0.673,0.0
2011-03-11,55.1,41.9,49.6,1.15,0.0
2011-03-12,54.5,35.7,43.9,0.0,0.0
2011-03-13,49.4,37.8,43.3,0.0,0.0
2011-03-14,44.4,30.0,37.6,0.0,0.0
2011-03-15,45.4,27.7,36.5,0.0,0.0
2011-03-16,52.2,37.1,43.5,0.484,0.0
2011-03-17,61.1,38.5,48.7,0.0,0.0
2011-03-18,73.5,46.8,57.3,0.0,0.0
2011-03-19,50.6,37.9,45.4,0.0,0.0
2011-03-20,46.7,31.2,38.2,0.0,0.0
2011-03-21,46.5,36.2,41.0,0.429,0.358
2011-03-22,51.4,38.7,44.2,0.0,0.0
2011-03-23,41.2,33.5,35.5,0.528,1.626
2011-03-24,44.5,31.7,36.4,0.106,0.717
2011-03-25,41.5,27.1,33.9,0.0,0.0
2011-03-26,39.9,25.4,31.7,0.0,0.0
2011-03-27,43.3,27.8,33.7,0.0,0.0
2011-03-28,44.6,25.4,34.0,0.0,0.0
2011-03-29,49.7,27.5,37.4,0.0,0.0
2011-03-30,50.3,27.6,38.5,0.0,0.0
2011-03-31,40.0,35.6,37.9,0.165,0.0
2011-04-01,42.4,34.8,38.1,0.26,0.0
2011-04-02,52.7,33.6,42.7,0.0,0.0
2011-04-03,56.0,36.2,45.0,0.0,0.0
2011-04-04,63.2,40.7,52.0,0.059,0.0
2011-04-05,63.9,39.8,52.0,0.89,0.0
2011-04-06,54.3,34.0,43.3,0.15,0.0
2011-04-07,48.4,38.3,43.3,0.083,0.0
2011-04-08,46.8,36.9,41.2,0.114,0.0
2011-04-09,54.4,34.4,43.9,0.004,0.0
2011-04-10,56.8,40.4,47.4,0.0,0.0
2011-04-11,76.4,47.5,61.2,0.004,0.0
2011-04-12,65.8,47.3,55.8,0.382,0.0
2011-04-13,56.2,43.8,49.3,0.303,0.0
2011-04-14,66.1,45.7,54.6,0.0,0.0
2011-04-15,51.1,40.5,46.9,0.0,0.0
2011-04-16,53.6,39.8,45.4,0.783,0.0
2011-04-17,59.0,48.0,53.9,0.421,0.0
2011-04-18,60.8,39.6,50.8,0.0,0.0
2011-04-19,54.3,44.0,49.5,0.118,0.0
2011-04-20,73.1,43.5,56.5,0.0,0.0
2011-04-21,60.2,43.5,52.2,0.0,0.0
2011-04-22,47.2,35.4,42.3,0.012,0.0
2011-04-23,60.3,42.4,51.1,0.709,0.0
2011-04-24,76.7,54.7,64.8,0.579,0.0
2011-04-25,68.5,55.3,60.1,0.039,0.0
2011-04-26,77.1,55.6,66.1,0.0,0.0
2011-04-27,72.5,62.9,66.1,0.0,0.0
2011-04-28,73.3,63.2,67.1,0.256,0.0
2011-04-29,66.9,52.6,60.4,0.0,0.0
2011-04-30,62.7,47.5,55.0,0.0,0.0
2011-05-01,64.7,43.7,54.4,0.0,0.0
2011-05-02,63.6,48.0,55.6,0.0,0.0
2011-05-03,70.4,53.7,61.3,0.0,0.0
2011-05-04,62.5,47.9,54.3,0.346,0.0
2011-05-05,62.4,45.6,53.0,0.0,0.0
2011-05-06,66.8,42.2,55.4,0.0,0.0
2011-05-07,67.9,47.7,58.5,0.008,0.0
2011-05-08,68.4,47.9,58.7,0.0,0.0
2011-05-09,67.7,48.8,58.3,0.0,0.0
2011-05-10,69.7,49.9,58.5,0.0,0.0
2011-05-11,66.1,49.4,57.5,0.0,0.0
2011-05-12,66.6,51.8,58.0,0.0,0.0
2011-05-13,66.2,48.4,57.0,0.0,0.0
2011-05-14,64.1,53.2,57.8,0.051,0.0
2011-05-15,68.9,56.4,61.8,0.709,0.0
2011-05-16,64.6,57.0,60.3,0.327,0.0
2011-05-17,62.2,55.1,58.7,1.224,0.0
2011-05-18,67.1,58.4,61.5,1.157,0.0
2011-05-19,70.5,59.0,63.9,0.051,0.0
2011-05-20,65.5,54.9,60.6,0.091,0.0
2011-05-21,71.6,54.3,61.7,0.016,0.0
2011-05-22,60.5,55.7,57.3,0.0,0.0
2011-05-23,68.1,56.4,62.7,0.295,0.0
2011-05-24,79.6,65.0,71.8,0.079,0.0
2011-05-25,77.8,61.5,69.2,0.0,0.0
2011-05-26,79.0,60.5,69.5,0.0,0.0
2011-05-27,83.4,64.9,73.5,0.0,0.0
2011-05-28,79.0,65.0,71.2,0.047,0.0
2011-05-29,79.4,65.3,72.5,0.008,0.0
2011-05-30,85.7,69.5,76.7,0.37,0.0
2011-05-31,82.9,67.2,74.1,0.0,0.0
2011-06-01,88.2,65.9,76.4,0.0,0.0
2011-06-02,75.3,60.5,69.6,0.0,0.0
2011-06-03,73.1,55.8,63.8,0.0,0.0
2011-06-04,75.2,53.4,65.1,0.0,0.0
2011-06-05,65.9,57.4,61.6,0.0,0.0
2011-06-06,77.6,57.8,67.8,0.024,0.0
2011-06-07,86.0,62.4,74.5,0.0,0.0
2011-06-08,93.3,67.5,80.3,0.0,0.0
2011-06-09,95.6,71.9,82.1,0.063,0.0
2011-06-10,86.0,69.5,76.7,0.055,0.0
2011-06-11,73.1,63.7,68.4,0.15,0.0
2011-06-12,73.5,62.4,66.6,0.512,0.0
2011-06-13,71.6,63.2,66.6,0.075,0.0
2011-06-14,66.4,58.7,62.5,0.705,0.0
2011-06-15,79.4,56.4,67.4,0.0,0.0
2011-06-16,80.8,61.1,71.0,0.0,0.0
2011-06-17,76.0,64.6,68.7,0.854,0.0
2011-06-18,80.5,62.2,71.8,0.0,0.0
2011-06-19,79.7,64.3,71.6,0.0,0.0
2011-06-20,77.1,61.4,70.0,0.0,0.0
2011-06-21,80.2,64.6,71.6,0.0,0.0
2011-06-22,78.9,67.1,73.1,0.118,0.0
2011-06-23,74.9,66.8,70.3,0.717,0.0
2011-06-24,74.3,66.0,69.6,0.445,0.0
2011-06-25,78.0,65.0,71.7,0.0,0.0
2011-06-26,77.6,64.4,71.6,0.008,0.0
2011-06-27,79.2,63.8,72.2,0.0,0.0
2011-06-28,80.3,67.8,74.2,0.0,0.0
2011-06-29,79.8,69.4,73.9,0.051,0.0
2011-06-30,79.5,63.2,71.7,0.0,0.0
2011-07-01,80.9,59.5,71.4,0.0,0.0
2011-07-02,83.1,64.3,74.7,0.0,0.0
2011-07-03,77.6,67.9,72.1,0.425,0.0
2011-07-04,85.4,67.7,75.5,0.0,0.0
2011-07-05,86.9,65.0,76.8,0.0,0.0
2011-07-06,88.3,65.7,77.9,0.004,0.0
2011-07-07,88.7,70.2,79.5,0.075,0.0
2011-07-08,83.4,71.3,75.7,0.941,0.0
2011-07-09,85.7,68.2,76.3,0.224,0.0
2011-07-10,82.9,63.6,74.3,0.0,0.0
2011-07-11,89.8,68.9,79.4,0.0,0.0
2011-07-12,91.3,76.6,83.1,0.0,0.0
2011-07-13,84.8,72.8,78.7,0.0,0.0
2011-07-14,80.3,65.4,72.0,0.0,0.0
2011-07-15,83.2,64.1,74.1,0.0,0.0
2011-07-16,86.6,65.3,77.3,0.0,0.0
2011-07-17,88.5,68.8,79.0,0.0,0.0
2011-07-18,94.4,73.0,82.2,0.114,0.0
2011-07-19,88.3,72.4,79.9,0.079,0.0
2011-07-20,85.0,70.1,78.7,0.0,0.0
2011-07-21,95.6,73.0,84.9,0.0,0.0
2011-07-22,101.5,80.7,91.2,0.0,0.0
2011-07-23,100.8,79.4,90.0,0.024,0.0
2011-07-24,90.4,77.2,83.6,0.083,0.0
2011-07-25,80.3,70.5,74.7,0.213,0.0
2011-07-26,88.2,70.7,78.3,0.047,0.0
2011-07-27,84.4,67.8,76.5,0.0,0.0
2011-07-28,85.3,67.7,77.3,0.0,0.0
2011-07-29,84.1,73.6,78.5,0.091,0.0
2011-07-30,91.1,73.2,81.6,0.0,0.0
2011-07-31,88.2,67.9,78.7,0.0,0.0
2011-08-01,91.4,70.9,80.3,0.079,0.0
2011-08-02,90.2,71.9,80.8,0.0,0.0
2011-08-03,85.3,69.0,75.0,0.114,0.0
2011-08-04,79.4,69.8,73.7,0.063,0.0
2011-08-05,81.5,67.9,75.2,0.0,0.0
2011-08-06,82.6,70.4,75.1,0.201,0.0
2011-08-07,87.0,72.1,77.3,0.614,0.0
2011-08-08,87.5,73.1,79.4,0.0,0.0
2011-08-09,82.0,69.3,74.5,0.843,0.0
2011-08-10,83.0,68.2,75.4,0.004,0.0
2011-08-11,80.8,66.4,73.5,0.0,0.0
2011-08-12,83.0,61.4,72.6,0.0,0.0
2011-08-13,83.4,65.8,74.9,0.043,0.0
2011-08-14,71.5,69.9,70.4,2.441,0.0
2011-08-15,75.2,68.4,71.4,0.874,0.0
2011-08-16,75.7,65.8,69.2,0.083,0.0
2011-08-17,83.2,63.3,73.3,0.0,0.0
2011-08-18,81.1,68.6,73.4,0.417,0.0
2011-08-19,81.2,66.9,73.3,0.165,0.0
2011-08-20,82.4,65.7,73.3,0.0,0.0
2011-08-21,83.4,69.8,74.8,0.713,0.0
2011-08-22,76.0,65.9,71.1,0.0,0.0
2011-08-23,75.5,59.8,68.0,0.0,0.0
2011-08-24,78.4,60.2,69.9,0.0,0.0
2011-08-25,84.3,70.4,75.9,0.035,0.0
2011-08-26,82.3,69.0,75.4,0.004,0.0
2011-08-27,76.6,70.7,73.6,1.358,0.0
2011-08-28,73.4,65.9,71.4,3.354,0.0
2011-08-29,75.4,58.6,67.5,0.0,0.0
2011-08-30,77.9,59.6,68.5,0.0,0.0
2011-08-31,80.3,60.5,69.8,0.0,0.0
2011-09-01,78.4,65.1,70.8,0.0,0.0
2011-09-02,74.9,60.9,67.7,0.0,0.0
2011-09-03,80.8,63.1,71.5,0.0,0.0
2011-09-04,83.4,69.4,75.1,0.004,0.0
2011-09-05,81.5,71.2,75.0,0.024,0.0
2011-09-06,71.7,60.8,63.9,1.579,0.0
2011-09-07,75.8,61.9,68.3,0.272,0.0
2011-09-08,76.0,67.7,71.1,0.972,0.0
2011-09-09,82.6,66.2,73.6,0.0,0.0
2011-09-10,77.4,67.5,71.6,0.094,0.0
2011-09-11,71.4,65.0,67.5,0.016,0.0
2011-09-12,78.2,65.7,70.1,0.012,0.0
2011-09-13,80.2,62.4,71.4,0.0,0.0
2011-09-14,82.7,65.9,73.4,0.024,0.0
2011-09-15,73.5,56.3,67.4,0.15,0.0
2011-09-16,64.8,50.8,57.5,0.0,0.0
2011-09-17,63.7,52.0,57.7,0.0,0.0
2011-09-18,63.9,55.4,59.2,0.0,0.0
2011-09-19,65.1,51.4,58.8,0.0,0.0
2011-09-20,69.0,56.9,62.5,0.102,0.0
2011-09-21,72.8,58.9,66.0,0.035,0.0
2011-09-22,77.4,65.2,70.2,0.047,0.0
2011-09-23,69.4,66.4,68.2,0.949,0.0
2011-09-24,76.9,68.4,71.9,0.0,0.0
2011-09-25,77.8,67.2,71.3,0.0,0.0
2011-09-26,78.1,66.8,71.2,0.0,0.0
2011-09-27,75.0,65.9,69.2,0.008,0.0
2011-09-28,71.9,67.7,69.2,0.346,0.0
2011-09-29,77.2,62.8,68.9,0.665,0.0
2011-09-30,76.0,57.7,66.2,0.106,0.0
2011-10-01,67.4,52.5,60.4,0.461,0.0
2011-10-02,62.9,52.3,56.8,0.114,0.0
2011-10-03,57.6,46.6,52.0,0.146,0.0
2011-10-04,62.1,50.2,55.8,0.031,0.0
2011-10-05,70.2,55.1,60.8,0.0,0.0
2011-10-06,65.2,45.1,54.9,0.0,0.0
2011-10-07,62.8,47.2,54.4,0.0,0.0
2011-10-08,74.5,49.2,60.3,0.0,0.0
2011-10-09,80.2,53.8,66.1,0.0,0.0
2011-10-10,78.5,56.1,66.7,0.0,0.0
2011-10-11,70.6,60.8,64.7,0.0,0.0
2011-10-12,61.1,58.9,60.2,0.012,0.0
2011-10-13,66.0,59.6,62.4,0.004,0.0
2011-10-14,69.8,57.8,65.1,0.965,0.0
2011-10-15,63.3,54.8,58.6,0.0,0.0
2011-10-16,65.2,52.9,58.6,0.008,0.0
2011-10-17,64.6,55.5,60.0,0.0,0.0
2011-10-18,67.3,49.0,57.3,0.0,0.0
2011-10-19,64.1,55.9,61.0,1.362,0.0
2011-10-20,67.9,54.9,62.5,0.469,0.0
2011-10-21,56.8,49.9,53.4,0.0,0.0
2011-10-22,57.9,45.1,51.6,0.0,0.0
2011-10-23,57.8,48.2,51.9,0.0,0.0
2011-10-24,60.9,45.2,52.7,0.043,0.0
2011-10-25,60.3,47.2,52.7,0.004,0.0
2011-10-26,60.6,47.0,53.5,0.004,0.0
2011-10-27,55.1,39.6,49.6,0.413,0.0
2011-10-28,48.3,36.6,42.8,0.0,0.0
2011-10-29,44.9,34.6,39.9,1.11,3.059
2011-10-30,44.3,33.5,37.2,0.059,0.193
2011-10-31,47.0,32.6,40.5,0.0,0.0
2011-11-01,53.3,39.1,45.7,0.0,0.0
2011-11-02,55.1,37.0,44.8,0.0,0.0
2011-11-03,59.0,37.9,47.3,0.0,0.0
2011-11-04,51.3,41.3,45.9,0.0,0.0
2011-11-05,47.9,34.6,41.3,0.0,0.0
2011-11-06,52.4,32.6,43.2,0.0,0.0
2011-11-07,59.4,35.7,46.1,0.0,0.0
2011-11-08,65.7,42.8,52.4,0.0,0.0
2011-11-09,61.6,45.2,52.8,0.0,0.0
2011-11-10,63.7,51.9,56.4,0.012,0.0
2011-11-11,50.1,40.9,44.6,0.079,0.0
2011-11-12,54.3,36.0,44.3,0.0,0.0
2011-11-13,58.7,39.0,48.8,0.0,0.0
2011-11-14,65.9,50.4,56.6,0.0,0.0
2011-11-15,65.6,55.5,60.4,0.02,0.0
2011-11-16,55.6,52.8,54.0,0.898,0.0
2011-11-17,52.6,41.3,46.3,0.291,0.0
2011-11-18,44.4,34.2,38.8,0.0,0.0
2011-11-19,50.1,33.5,41.0,0.0,0.0
2011-11-20,62.7,42.9,52.1,0.0,0.0
2011-11-21,53.3,48.0,50.8,0.118,0.0
2011-11-22,48.8,47.0,47.8,0.583,0.0
2011-11-23,58.8,39.9,49.2,1.276,0.0
2011-11-24,53.2,35.5,42.8,0.0,0.0
2011-11-25,58.7,38.1,46.7,0.0,0.0
2011-11-26,61.4,39.1,48.2,0.0,0.0
2011-11-27,61.2,38.9,50.1,0.0,0.0
2011-11-28,65.0,52.5,56.6,0.0,0.0
2011-11-29,62.1,55.3,58.7,0.224,0.0
2011-11-30,53.8,43.4,47.8,0.043,0.0
2011-12-01,48.9,36.3,41.6,0.0,0.0
2011-12-02,50.7,35.7,42.8,0.0,0.0
2011-12-03,44.6,32.1,37.9,0.0,0.0
2011-12-04,52.6,36.6,43.9,0.0,0.0
2011-12-05,57.5,38.9,46.9,0.0,0.0
2011-12-06,60.1,51.7,56.6,0.201,0.0
2011-12-07,58.5,46.4,53.3,1.299,0.0
2011-12-08,45.9,35.2,39.5,0.634,0.138
2011-12-09,50.1,29.8,39.9,0.004,0.0
2011-12-10,42.8,29.8,38.5,0.0,0.0
2011-12-11,37.7,25.1,31.0,0.0,0.0
2011-12-12,41.8,26.8,33.7,0.0,0.0
2011-12-13,44.9,26.8,34.2,0.0,0.0
2011-12-14,47.7,31.4,38.4,0.0,0.0
2011-12-15,55.1,41.9,49.0,0.008,0.0
2011-12-16,54.5,39.3,46.2,0.0,0.0
2011-12-17,41.7,32.6,36.9,0.0,0.0
2011-12-18,33.2,25.0,28.7,0.0,0.0
2011-12-19,43.5,24.5,34.4,0.0,0.0
2011-12-20,42.6,37.5,40.3,0.035,0.0
2011-12-21,57.2,38.5,48.0,0.079,0.0
2011-12-22,57.1,43.7,50.0,0.063,0.0
2011-12-23,47.2,38.0,44.9,0.803,0.0
2011-12-24,36.9,29.3,33.0,0.0,0.0
2011-12-25,44.3,27.2,35.4,0.0,0.0
2011-12-26,44.3,33.8,37.6,0.0,0.0
2011-12-27,54.6,29.0,40.7,0.665,0.0
2011-12-28,52.3,31.3,40.8,0.0,0.0
2011-12-29,34.9,26.4,30.4,0.0,0.0
2011-12-30,47.9,29.5,38.5,0.0,0.0
2011-12-31,52.4,39.8,45.0,0.071,0.0
2012-01-01,50.1,33.4,42.3,0.114,0.0
2012-01-02,46.4,31.7,37.8,0.0,0.0
2012-01-03,30.8,18.9,27.0,0.0,0.0
2012-01-04,27.2,13.9,20.8,0.0,0.0
2012-01-05,39.8,26.0,30.4,0.0,0.0
2012-01-06,49.6,25.6,36.9,0.008,0.028
2012-01-07,57.8,32.4,42.5,0.0,0.0
2012-01-08,44.1,29.2,36.4,0.0,0.0
2012-01-09,38.5,26.3,31.8,0.0,0.0
2012-01-10,45.3,28.7,35.7,0.0,0.0
2012-01-11,44.8,28.3,36.6,0.012,0.0
2012-01-12,48.6,40.9,44.4,0.921,0.0
2012-01-13,46.5,29.6,37.8,0.094,0.0
2012-01-14,33.5,26.3,29.2,0.0,0.0
2012-01-15,25.7,15.8,21.3,0.0,0.0
2012-01-16,33.3,15.7,24.5,0.043,0.276
2012-01-17,47.2,33.0,39.1,0.224,0.276
2012-01-18,49.7,24.3,36.7,0.0,0.0
2012-01-19,36.0,20.0,27.5,0.0,0.0
2012-01-20,32.3,25.9,28.9,0.0,0.028
2012-01-21,28.5,22.3,27.1,0.406,2.866
2012-01-22,32.2,15.7,23.4,0.0,0.0
2012-01-23,47.8,32.4,40.3,0.138,0.0
2012-01-24,50.9,35.7,43.8,0.004,0.0
2012-01-25,44.0,29.6,35.9,0.0,0.0
2012-01-26,40.9,32.2,35.5,0.189,0.138
2012-01-27,57.1,39.6,48.1,0.5,0.0
2012-01-28,45.6,30.8,39.1,0.0,0.0
2012-01-29,42.4,30.0,36.2,0.0,0.0
2012-01-30,38.3,28.7,34.3,0.0,0.0
2012-01-31,56.1,30.0,42.1,0.0,0.0
2012-02-01,60.8,43.6,49.5,0.102,0.0
2012-02-02,45.6,34.1,40.7,0.0,0.0
2012-02-03,43.3,28.2,35.1,0.0,0.0
2012-02-04,44.5,28.5,35.9,0.0,0.0
2012-02-05,40.7,29.2,33.3,0.0,0.0
2012-02-06,48.6,25.8,35.9,0.0,0.0
2012-02-07,47.6,30.7,38.5,0.0,0.0
2012-02-08,37.8,27.4,32.6,0.071,0.469
2012-02-09,45.1,28.6,35.1,0.0,0.028
2012-02-10,45.0,26.9,35.6,0.0,0.0
2012-02-11,38.5,32.5,34.8,0.122,0.827
2012-02-12,32.5,21.0,27.3,0.0,0.0
2012-02-13,42.2,25.5,32.2,0.0,0.0
2012-02-14,45.2,30.5,36.8,0.02,0.0
2012-02-15,45.1,34.6,39.0,0.016,0.0
2012-02-16,42.4,29.0,36.3,0.126,0.0
2012-02-17,49.7,36.4,42.1,0.0,0.0
2012-02-18,47.3,27.0,37.7,0.055,0.0
2012-02-19,43.1,28.0,35.3,0.0,0.0
2012-02-20,44.5,27.8,35.3,0.0,0.0
2012-02-21,45.4,26.8,37.3,0.0,0.0
2012-02-22,54.9,35.3,44.1,0.02,0.0
2012-02-23,55.2,39.4,46.5,0.012,0.0
2012-02-24,43.9,35.7,39.7,0.421,0.303
2012-02-25,43.3,34.1,38.6,0.004,0.0
2012-02-26,42.7,29.0,34.9,0.0,0.0
2012-02-27,53.9,28.1,40.4,0.0,0.0
2012-02-28,48.5,34.0,40.9,0.0,0.0
2012-02-29,43.3,32.5,38.0,0.39,0.028
2012-03-01,43.4,33.6,39.6,0.488,0.0
2012-03-02,41.6,31.7,36.8,0.067,0.0
2012-03-03,55.2,40.0,47.9,0.165,0.0
2012-03-04,44.3,34.1,39.0,0.0,0.0
2012-03-05,43.1,29.1,35.4,0.0,0.0
2012-03-06,42.5,24.4,32.9,0.0,0.0
2012-03-07,59.0,32.8,44.4,0.0,0.0
2012-03-08,66.6,48.5,56.2,0.0,0.0
2012-03-09,58.9,38.2,45.8,0.122,0.0
2012-03-10,41.9,28.7,35.3,0.0,0.0
2012-03-11,57.4,30.1,42.0,0.0,0.0
2012-03-12,65.4,37.8,50.4,0.0,0.0
2012-03-13,70.3,49.4,57.7,0.075,0.0
2012-03-14,67.5,45.7,56.4,0.0,0.0
2012-03-15,49.9,41.5,44.8,0.0,0.0
2012-03-16,56.0,42.8,47.8,0.0,0.0
2012-03-17,58.7,44.0,49.8,0.0,0.0
2012-03-18,63.2,43.7,50.5,0.0,0.0
2012-03-19,71.3,45.3,56.7,0.0,0.0
2012-03-20,67.1,50.7,56.7,0.0,0.0
2012-03-21,63.3,53.7,56.6,0.0,0.0
2012-03-22,71.5,54.8,60.7,0.0,0.0
2012-03-23,70.2,52.9,60.2,0.0,0.0
2012-03-24,58.3,48.4,52.8,0.004,0.0
2012-03-25,50.4,45.7,47.9,0.024,0.0
2012-03-26,51.2,35.3,45.8,0.0,0.0
2012-03-27,50.9,30.3,39.5,0.0,0.0
2012-03-28,68.2,36.3,51.7,0.094,0.0
2012-03-29,55.1,42.5,50.3,0.008,0.0
2012-03-30,54.3,36.1,44.5,0.02,0.0
2012-03-31,43.4,40.8,41.9,0.303,0.0
2012-04-01,52.3,37.7,45.2,0.079,0.0
2012-04-02,56.2,37.6,46.8,0.126,0.0
2012-04-03,62.2,36.6,48.3,0.0,0.0
2012-04-04,66.3,43.1,53.7,0.0,0.0
2012-04-05,57.0,39.4,47.9,0.0,0.0
2012-04-06,57.1,35.6,46.3,0.0,0.0
2012-04-07,58.9,37.1,47.8,0.0,0.0
2012-04-08,64.9,39.5,51.6,0.0,0.0
2012-04-09,61.5,46.1,53.4,0.0,0.0
2012-04-10,58.8,41.5,50.7,0.0,0.0
2012-04-11,53.2,38.7,46.1,0.02,0.0
2012-04-12,59.1,41.6,49.3,0.024,0.0
2012-04-13,63.4,39.3,51.2,0.0,0.0
2012-04-14,70.3,40.4,56.4,0.0,0.0
2012-04-15,75.4,56.0,65.0,0.0,0.0
2012-04-16,84.2,57.4,70.5,0.0,0.0
2012-04-17,77.7,61.9,69.6,0.0,0.0
2012-04-18,61.3,49.9,56.2,0.0,0.0
2012-04-19,68.1,50.6,57.1,0.016,0.0
2012-04-20,67.8,46.1,56.9,0.0,0.0
2012-04-21,73.8,54.2,62.5,0.0,0.0
2012-04-22,59.9,47.9,51.9,1.205,0.0
2012-04-23,54.5,45.6,51.0,0.366,0.0
2012-04-24,57.7,40.3,48.3,0.0,0.0
2012-04-25,61.0,39.8,50.3,0.031,0.0
2012-04-26,60.2,39.9,52.1,0.008,0.0
2012-04-27,56.7,41.8,49.1,0.008,0.0
2012-04-28,58.7,37.5,47.6,0.0,0.0
2012-04-29,62.2,40.5,51.8,0.0,0.0
2012-04-30,59.5,38.3,49.9,0.012,0.0
2012-05-01,67.0,51.1,57.8,0.366,0.0
2012-05-02,53.0,49.5,50.9,0.122,0.0
2012-05-03,59.4,49.4,53.3,0.098,0.0
2012-05-04,79.4,51.9,63.0,0.02,0.0
2012-05-05,59.5,53.9,56.5,0.091,0.0
2012-05-06,60.3,49.9,55.7,0.0,0.0
2012-05-07,62.3,47.0,54.6,0.0,0.0
2012-05-08,68.0,53.5,59.8,0.043,0.0
2012-05-09,68.8,57.6,62.3,0.421,0.0
2012-05-10,63.7,52.0,58.4,0.37,0.0
2012-05-11,68.0,47.9,57.4,0.0,0.0
2012-05-12,76.4,46.6,61.8,0.0,0.0
2012-05-13,78.5,55.4,67.1,0.0,0.0
2012-05-14,68.6,62.0,64.7,0.016,0.0
2012-05-15,65.3,59.8,62.3,0.28,0.0
2012-05-16,77.1,60.9,67.3,0.0,0.0
2012-05-17,70.4,55.2,62.9,0.0,0.0
2012-05-18,68.6,49.5,59.6,0.0,0.0
2012-05-19,76.1,48.8,62.4,0.0,0.0
2012-05-20,76.2,52.1,63.7,0.0,0.0
2012-05-21,65.8,60.5,61.7,0.476,0.0
2012-05-22,67.5,60.2,62.5,0.441,0.0
2012-05-23,72.2,59.4,64.8,0.189,0.0
2012-05-24,71.6,61.1,65.1,0.031,0.0
2012-05-25,74.6,61.3,67.0,0.043,0.0
2012-05-26,84.9,63.8,73.5,0.114,0.0
2012-05-27,81.1,64.6,72.4,0.24,0.0
2012-05-28,86.9,68.8,76.6,0.0,0.0
2012-05-29,89.2,71.5,79.2,0.012,0.0
2012-05-30,75.8,67.7,72.3,0.358,0.0
2012-05-31,78.6,63.3,70.8,0.0,0.0
2012-06-01,71.8,59.4,65.3,0.016,0.0
2012-06-02,75.2,61.1,68.2,0.669,0.0
2012-06-03,74.9,56.0,65.1,0.028,0.0
2012-06-04,63.8,53.7,59.0,0.429,0.0
2012-06-05,63.6,51.5,57.9,0.008,0.0
2012-06-06,69.9,52.1,62.6,0.0,0.0
2012-06-07,74.1,54.5,65.5,0.012,0.0
2012-06-08,80.3,56.7,69.4,0.0,0.0
2012-06-09,79.1,61.9,70.7,0.0,0.0
2012-06-10,82.8,64.7,72.4,0.051,0.0
2012-06-11,73.8,63.9,68.4,0.008,0.0
2012-06-12,74.0,63.6,67.5,0.453,0.0
2012-06-13,70.0,64.5,67.1,0.681,0.0
2012-06-14,72.5,61.5,66.8,0.051,0.0
2012-06-15,75.5,57.8,66.8,0.0,0.0
2012-06-16,74.7,56.0,65.7,0.0,0.0
2012-06-17,66.4,59.2,62.5,0.004,0.0
2012-06-18,69.2,55.9,62.1,0.0,0.0
2012-06-19,77.3,58.2,68.1,0.02,0.0
2012-06-20,94.8,67.0,81.1,0.0,0.0
2012-06-21,96.4,73.8,85.4,0.0,0.0
2012-06-22,92.4,75.2,81.9,0.228,0.0
2012-06-23,85.0,69.1,76.8,0.055,0.0
2012-06-24,83.3,62.8,73.8,0.0,0.0
2012-06-25,77.3,66.8,72.1,0.776,0.0
2012-06-26,72.4,58.8,65.8,0.0,0.0
2012-06-27,82.0,60.5,71.1,0.0,0.0
2012-06-28,89.3,63.9,76.3,0.0,0.0
2012-06-29,97.8,70.0,83.5,0.008,0.0
2012-06-30,94.6,71.9,83.7,0.0,0.0
2012-07-01,94.6,68.6,81.6,0.067,0.0
2012-07-02,87.8,67.6,78.5,0.0,0.0
2012-07-03,89.4,65.6,78.7,0.0,0.0
2012-07-04,91.8,68.5,80.4,0.154,0.0
2012-07-05,94.8,75.8,84.2,0.0,0.0
2012-07-06,91.9,67.7,80.4,0.0,0.0
2012-07-07,99.9,75.6,86.4,0.063,0.0
2012-07-08,91.0,73.8,80.9,0.0,0.0
2012-07-09,86.3,72.1,78.4,0.0,0.0
2012-07-10,85.7,67.9,76.1,0.0,0.0
2012-07-11,82.4,67.7,75.2,0.0,0.0
2012-07-12,86.8,67.5,76.8,0.0,0.0
2012-07-13,87.9,70.0,78.9,0.0,0.0
2012-07-14,87.4,74.1,79.5,0.0,0.0
2012-07-15,87.8,72.2,78.9,0.224,0.0
2012-07-16,91.1,71.5,81.7,0.02,0.0
2012-07-17,95.9,70.4,84.9,0.0,0.0
2012-07-18,99.5,80.1,87.7,0.071,0.0
2012-07-19,80.5,73.0,75.8,0.098,0.0
2012-07-20,72.7,64.0,67.5,1.524,0.0
2012-07-21,74.3,64.1,68.9,0.0,0.0
2012-07-22,78.9,65.5,72.2,0.0,0.0
2012-07-23,85.7,68.8,77.1,0.012,0.0
2012-07-24,91.2,72.9,81.1,0.0,0.0
2012-07-25,84.7,67.3,75.8,0.0,0.0
2012-07-26,91.8,67.7,78.9,0.295,0.0
2012-07-27,87.2,73.0,80.0,0.189,0.0
2012-07-28,78.0,71.4,75.4,0.902,0.0
2012-07-29,76.0,69.5,72.3,0.307,0.0
2012-07-30,77.7,67.3,72.1,0.031,0.0
2012-07-31,75.8,66.6,71.7,0.0,0.0
2012-08-01,79.9,67.3,73.0,0.406,0.0
2012-08-02,86.6,68.4,76.7,0.0,0.0
2012-08-03,89.3,69.0,79.6,0.0,0.0
2012-08-04,88.0,73.1,80.1,0.0,0.0
2012-08-05,90.9,75.5,81.7,0.181,0.0
2012-08-06,86.1,73.3,78.6,0.142,0.0
2012-08-07,83.3,65.6,74.8,0.0,0.0
2012-08-08,85.1,71.2,77.7,0.0,0.0
2012-08-09,86.6,70.6,78.4,0.028,0.0
2012-08-10,79.8,74.9,76.5,0.315,0.0
2012-08-11,83.4,72.6,76.8,0.252,0.0
2012-08-12,84.1,71.0,76.6,0.142,0.0
2012-08-13,83.5,66.8,75.4,0.0,0.0
2012-08-14,80.7,66.5,74.1,0.248,0.0
2012-08-15,80.8,69.5,73.7,0.811,0.0
2012-08-16,83.3,66.8,74.5,0.024,0.0
2012-08-17,86.8,65.3,75.6,0.071,0.0
2012-08-18,77.2,66.6,71.5,0.445,0.0
2012-08-19,75.7,61.4,68.9,0.0,0.0
2012-08-20,78.0,63.0,71.5,0.0,0.0
2012-08-21,79.0,66.2,72.2,0.0,0.0
2012-08-22,79.6,66.3,73.1,0.004,0.0
2012-08-23,82.9,65.9,73.7,0.0,0.0
2012-08-24,84.1,65.2,74.5,0.0,0.0
2012-08-25,82.0,67.6,74.2,0.016,0.0
2012-08-26,80.3,66.9,73.0,0.0,0.0
2012-08-27,80.1,66.8,73.1,0.228,0.0
2012-08-28,86.1,71.1,76.7,0.22,0.0
2012-08-29,79.4,65.0,71.7,0.0,0.0
2012-08-30,83.7,59.0,71.9,0.0,0.0
2012-08-31,91.5,63.6,77.6,0.0,0.0
2012-09-01,87.8,72.2,78.2,0.0,0.0
2012-09-02,80.5,69.8,74.0,0.094,0.0
2012-09-03,73.6,69.8,71.4,0.106,0.0
2012-09-04,79.4,69.9,73.9,0.37,0.0
2012-09-05,80.6,73.1,75.9,0.543,0.0
2012-09-06,78.8,68.0,73.7,0.0,0.0
2012-09-07,84.6,67.7,74.8,0.102,0.0
2012-09-08,81.1,64.1,74.1,0.614,0.0
2012-09-09,75.1,63.6,68.4,0.083,0.0
2012-09-10,71.5,59.5,64.9,0.0,0.0
2012-09-11,71.8,52.6,62.2,0.0,0.0
2012-09-12,76.8,58.0,67.0,0.0,0.0
2012-09-13,77.9,57.8,67.6,0.0,0.0
2012-09-14,78.1,58.9,68.3,0.0,0.0
2012-09-15,73.6,61.1,66.6,0.004,0.0
2012-09-16,72.7,54.3,63.6,0.0,0.0
2012-09-17,76.0,53.7,65.6,0.0,0.0
2012-09-18,73.4,65.7,69.8,1.283,0.0
2012-09-19,69.3,57.2,63.8,0.402,0.0
2012-09-20,67.4,53.4,60.9,0.008,0.0
2012-09-21,70.4,58.5,63.9,0.0,0.0
2012-09-22,76.0,55.4,66.4,0.055,0.0
2012-09-23,67.2,55.7,62.2,0.008,0.0
2012-09-24,65.3,50.4,57.7,0.0,0.0
2012-09-25,71.5,48.8,60.4,0.0,0.0
2012-09-26,75.6,61.0,67.2,0.012,0.0
2012-09-27,72.0,61.8,66.2,0.185,0.0
2012-09-28,72.6,62.2,66.4,0.402,0.0
2012-09-29,62.6,57.4,60.0,0.039,0.0
2012-09-30,66.7,54.3,59.3,0.008,0.0
2012-10-01,69.8,51.1,59.6,0.0,0.0
2012-10-02,71.5,59.4,64.2,0.87,0.0
2012-10-03,74.7,63.8,67.8,0.047,0.0
2012-10-04,71.6,64.1,68.0,0.157,0.0
2012-10-05,77.0,57.1,66.6,0.0,0.0
2012-10-06,76.6,55.7,65.0,0.008,0.0
2012-10-07,56.0,47.9,51.9,0.114,0.0
2012-10-08,54.8,44.0,50.2,0.083,0.0
2012-10-09,59.5,51.9,55.7,0.039,0.0
2012-10-10,65.1,56.2,59.5,0.039,0.0
2012-10-11,58.4,46.9,52.5,0.0,0.0
2012-10-12,55.0,44.5,49.7,0.0,0.0
2012-10-13,52.5,36.6,45.6,0.0,0.0
2012-10-14,69.5,48.9,59.0,0.0,0.0
2012-10-15,70.1,59.6,63.9,0.295,0.0
2012-10-16,58.7,47.1,53.8,0.0,0.0
2012-10-17,60.7,42.5,51.0,0.0,0.0
2012-10-18,63.9,47.7,56.5,0.016,0.0
2012-10-19,65.6,60.7,63.2,1.181,0.0
2012-10-20,67.8,54.0,61.1,0.008,0.0
2012-10-21,63.8,48.7,55.0,0.0,0.0
2012-10-22,65.7,48.3,55.6,0.0,0.0
2012-10-23,64.5,48.8,56.4,0.047,0.0
2012-10-24,64.2,55.0,58.3,0.067,0.0
2012-10-25,61.6,55.1,58.2,0.028,0.0
2012-10-26,65.9,55.5,60.5,0.0,0.0
2012-10-27,63.3,56.6,59.5,0.0,0.0
2012-10-28,58.0,54.2,56.3,0.016,0.0
2012-10-29,61.5,51.9,55.5,1.22,0.0
2012-10-30,54.8,49.5,52.8,0.378,0.0
2012-10-31,50.9,44.5,48.0,0.031,0.0
2012-11-01,51.0,41.9,46.8,0.0,0.0
2012-11-02,51.8,42.5,47.4,0.0,0.0
2012-11-03,48.8,39.8,43.7,0.0,0.0
2012-11-04,49.5,37.3,42.9,0.0,0.0
2012-11-05,46.1,38.2,41.3,0.0,0.0
2012-11-06,42.5,29.8,36.6,0.0,0.0
2012-11-07,38.5,33.4,36.0,0.705,4.244
2012-11-08,42.8,33.6,37.3,0.134,0.937
2012-11-09,46.6,33.4,38.4,0.0,0.0
2012-11-10,53.9,34.2,44.2,0.0,0.0
2012-11-11,62.1,40.7,50.1,0.0,0.0
2012-11-12,64.3,43.7,54.0,0.0,0.0
2012-11-13,58.3,39.8,48.9,0.205,0.0
2012-11-14,46.6,35.1,39.8,0.0,0.0
2012-11-15,44.3,33.7,38.1,0.0,0.0
2012-11-16,46.0,33.5,38.6,0.0,0.0
2012-11-17,50.1,33.9,39.9,0.0,0.0
2012-11-18,48.0,34.3,40.6,0.0,0.0
2012-11-19,48.2,38.0,42.9,0.0,0.0
2012-11-20,48.8,34.0,41.6,0.0,0.0
2012-11-21,51.0,36.4,42.1,0.0,0.0
2012-11-22,52.5,34.9,42.5,0.0,0.0
2012-11-23,53.5,33.8,43.7,0.012,0.0
2012-11-24,46.3,34.9,40.5,0.008,0.0
2012-11-25,40.4,31.7,35.4,0.0,0.0
2012-11-26,46.6,30.6,36.3,0.0,0.0
2012-11-27,38.7,33.1,35.6,0.402,0.634
2012-11-28,42.2,29.7,35.3,0.0,0.0
2012-11-29,43.6,28.4,35.1,0.0,0.0
2012-11-30,44.5,30.2,37.2,0.0,0.0
2012-12-01,50.6,39.6,42.7,0.0,0.0
2012-12-02,51.5,38.2,43.8,0.098,0.0
2012-12-03,60.7,43.1,50.1,0.012,0.0
2012-12-04,61.2,44.3,52.3,0.016,0.0
2012-12-05,53.5,36.5,49.2,0.016,0.0
2012-12-06,40.3,27.6,33.9,0.0,0.0
2012-12-07,41.4,29.6,36.6,0.098,0.0
2012-12-08,50.8,40.5,45.1,0.374,0.0
2012-12-09,46.8,42.2,44.0,0.173,0.0
2012-12-10,59.7,47.0,53.7,0.091,0.0
2012-12-11,56.7,36.8,45.2,0.031,0.0
2012-12-12,43.0,33.2,37.5,0.0,0.0
2012-12-13,43.8,30.4,37.0,0.0,0.0
2012-12-14,46.3,28.3,35.6,0.0,0.0
2012-12-15,45.3,29.6,36.2,0.0,0.0
2012-12-16,49.3,36.8,43.7,0.067,0.0
2012-12-17,45.6,41.6,43.0,0.236,0.0
2012-12-18,52.8,42.4,48.5,0.437,0.0
2012-12-19,47.1,36.7,41.3,0.0,0.0
2012-12-20,43.4,29.1,37.0,0.028,0.0
2012-12-21,54.8,36.4,45.5,1.154,0.0
2012-12-22,38.5,33.4,35.8,0.0,0.0
2012-12-23,41.6,31.4,35.2,0.0,0.0
2012-12-24,39.0,26.1,33.1,0.098,0.331
2012-12-25,44.1,30.3,36.9,0.043,0.028
2012-12-26,37.4,27.5,32.7,0.693,1.461
2012-12-27,44.0,28.9,37.8,0.453,0.0
2012-12-28,38.4,27.2,31.2,0.0,0.0
2012-12-29,35.6,27.0,31.8,0.331,2.012
2012-12-30,32.7,25.6,28.8,0.0,0.0
2012-12-31,36.7,23.8,29.9,0.0,0.0
2013-01-01,38.2,26.0,34.2,0.0,0.0
2013-01-02,31.1,19.6,24.7,0.0,0.0
2013-01-03,31.8,19.2,24.7,0.0,0.0
2013-01-04,36.6,25.1,30.1,0.0,0.0
2013-01-05,41.6,26.8,32.5,0.0,0.0
2013-01-06,44.5,27.6,34.4,0.016,0.138
2013-01-07,43.3,30.1,34.9,0.0,0.0
2013-01-08,46.6,26.7,34.7,0.0,0.0
2013-01-09,47.2,28.9,39.1,0.0,0.0
2013-01-10,46.6,30.5,38.8,0.0,0.0
2013-01-11,45.0,28.1,36.9,0.374,0.0
2013-01-12,48.1,42.2,44.5,0.071,0.0
2013-01-13,48.0,41.7,44.3,0.0,0.0
2013-01-14,56.7,43.5,50.1,0.012,0.0
2013-01-15,41.8,35.9,37.6,0.138,0.0
2013-01-16,36.7,32.3,34.3,0.598,2.177
2013-01-17,43.6,33.8,37.3,0.004,0.028
2013-01-18,32.7,21.2,27.8,0.039,0.276
2013-01-19,47.2,21.8,35.2,0.0,0.0
2013-01-20,51.7,32.6,41.6,0.0,0.0
2013-01-21,34.7,25.8,29.8,0.004,0.138
2013-01-22,28.4,17.6,22.2,0.0,0.0
2013-01-23,21.7,12.7,16.6,0.0,0.0
2013-01-24,24.5,13.2,18.4,0.0,0.0
2013-01-25,25.3,13.6,19.1,0.043,0.303
2013-01-26,28.1,16.2,21.1,0.0,0.0
2013-01-27,34.1,16.3,23.2,0.0,0.0
2013-01-28,34.2,23.2,29.6,0.177,0.358
2013-01-29,48.1,34.4,39.2,0.0,0.0
2013-01-30,59.0,39.2,50.0,0.004,0.0
2013-01-31,56.9,30.8,44.8,0.61,0.0
2013-02-01,32.7,25.2,28.9,0.0,0.0
2013-02-02,29.6,20.2,24.8,0.02,0.165
2013-02-03,30.3,23.0,26.4,0.039,0.303
2013-02-04,31.5,20.7,25.3,0.0,0.0
2013-02-05,32.2,23.6,28.3,0.039,0.524
2013-02-06,38.9,24.8,31.1,0.004,0.083
2013-02-07,32.5,22.7,27.2,0.0,0.0
2013-02-08,36.8,28.1,33.7,1.429,8.571
2013-02-09,30.1,15.6,25.6,0.65,4.547
2013-02-10,29.3,4.9,16.9,0.0,0.0
2013-02-11,41.8,19.7,35.1,0.374,0.028
2013-02-12,41.7,26.2,35.3,0.016,0.0
2013-02-13,40.0,24.3,31.5,0.047,0.055
2013-02-14,41.8,23.4,32.3,0.043,0.276
2013-02-15,45.6,23.6,34.1,0.0,0.0
2013-02-16,36.2,29.0,33.0,0.043,0.303
2013-02-17,28.7,17.1,24.9,0.031,0.248
2013-02-18,32.8,14.2,21.2,0.0,0.0
2013-02-19,43.6,21.7,33.3,0.232,0.0
2013-02-20,36.5,25.3,30.2,0.0,0.0
2013-02-21,34.1,21.4,26.2,0.0,0.0
2013-02-22,36.7,21.4,28.9,0.016,0.055
2013-02-23,41.9,32.6,37.5,0.087,0.0
2013-02-24,44.7,32.1,37.9,0.004,0.0
2013-02-25,44.2,27.7,35.9,0.0,0.0
2013-02-26,42.7,28.7,36.5,0.035,0.0
2013-02-27,50.9,37.1,43.1,0.402,0.0
2013-02-28,49.2,33.0,40.0,0.031,0.0
2013-03-01,45.5,31.2,38.1,0.0,0.0
2013-03-02,40.3,29.0,34.6,0.0,0.055
2013-03-03,40.0,28.5,33.2,0.0,0.0
2013-03-04,41.4,26.6,32.3,0.0,0.0
2013-03-05,46.4,28.7,35.9,0.0,0.0
2013-03-06,40.4,30.8,36.2,0.154,0.276
2013-03-07,40.0,33.5,35.3,0.256,1.516
2013-03-08,37.8,30.9,34.0,0.39,2.563
2013-03-09,49.0,30.5,37.5,0.0,0.0
2013-03-10,46.3,28.9,36.3,0.0,0.0
2013-03-11,53.3,32.8,42.3,0.0,0.0
2013-03-12,52.8,42.5,49.3,0.791,0.0
2013-03-13,49.4,32.6,41.0,0.0,0.0
2013-03-14,40.0,29.9,34.5,0.0,0.0
2013-03-15,46.3,26.9,36.6,0.0,0.0
2013-03-16,39.8,31.0,34.8,0.083,0.551
2013-03-17,40.8,26.8,33.8,0.0,0.0
2013-03-18,35.9,25.5,31.2,0.291,2.012
2013-03-19,44.8,33.8,37.8,0.252,0.634
2013-03-20,45.2,29.1,36.0,0.0,0.0
2013-03-21,39.2,29.7,34.0,0.0,0.083
2013-03-22,41.5,27.0,33.7,0.0,0.0
2013-03-23,45.1,28.7,36.3,0.0,0.0
2013-03-24,45.8,27.8,36.6,0.0,0.0
2013-03-25,38.1,33.7,35.4,0.283,0.606
2013-03-26,50.7,27.0,39.4,0.0,0.0
2013-03-27,51.2,31.1,40.9,0.012,0.0
2013-03-28,48.8,32.6,41.2,0.008,0.0
2013-03-29,53.3,33.8,43.2,0.0,0.0
2013-03-30,55.7,32.4,44.0,0.0,0.0
2013-03-31,53.0,33.9,43.6,0.094,0.0
2013-04-01,58.9,38.4,48.0,0.024,0.0
2013-04-02,43.7,29.5,37.2,0.0,0.0
2013-04-03,46.1,28.9,37.3,0.0,0.0
2013-04-04,50.0,26.7,38.7,0.0,0.0
2013-04-05,61.1,36.1,46.0,0.0,0.0
2013-04-06,49.7,33.4,40.8,0.0,0.0
2013-04-07,55.8,34.9,45.4,0.012,0.0
2013-04-08,69.5,43.0,54.3,0.0,0.0
2013-04-09,78.6,50.8,64.0,0.0,0.0
2013-04-10,71.8,52.1,60.3,0.016,0.0
2013-04-11,60.5,46.0,54.4,0.067,0.0
2013-04-12,45.5,41.6,43.2,0.594,0.0
2013-04-13,55.5,39.2,47.5,0.0,0.0
2013-04-14,56.1,40.0,48.6,0.0,0.0
2013-04-15,54.1,39.8,46.3,0.0,0.0
2013-04-16,64.0,40.6,53.0,0.039,0.0
2013-04-17,67.7,51.1,58.7,0.031,0.0
2013-04-18,56.9,43.4,50.8,0.0,0.0
2013-04-19,70.6,53.4,62.2,0.024,0.0
2013-04-20,63.6,47.9,53.4,0.386,0.0
2013-04-21,52.2,36.7,44.4,0.0,0.0
2013-04-22,50.6,38.6,44.6,0.0,0.0
2013-04-23,49.8,41.2,44.4,0.0,0.0
2013-04-24,67.3,37.6,53.0,0.0,0.0
2013-04-25,61.8,45.4,54.6,0.02,0.0
2013-04-26,63.4,41.4,52.4,0.0,0.0
2013-04-27,65.3,41.8,53.6,0.0,0.0
2013-04-28,66.9,44.1,54.7,0.0,0.0
2013-04-29,56.0,50.9,53.2,0.016,0.0
2013-04-30,63.3,47.1,55.0,0.0,0.0
2013-05-01,64.3,41.7,52.6,0.0,0.0
2013-05-02,68.3,42.2,55.5,0.0,0.0
2013-05-03,60.7,48.3,53.8,0.0,0.0
2013-05-04,64.0,43.5,52.8,0.0,0.0
2013-05-05,58.7,44.2,49.8,0.0,0.0
2013-05-06,64.9,44.0,52.5,0.0,0.0
2013-05-07,67.9,46.4,56.9,0.0,0.0
2013-05-08,65.9,53.8,58.2,0.795,0.0
2013-05-09,67.2,51.9,58.2,0.236,0.0
2013-05-10,76.9,50.2,63.9,0.0,0.0
2013-05-11,71.0,59.3,64.3,0.65,0.0
2013-05-12,67.5,52.2,60.5,0.016,0.0
2013-05-13,55.2,44.3,50.1,0.0,0.0
2013-05-14,58.3,41.0,49.9,0.0,0.0
2013-05-15,70.0,43.2,57.5,0.012,0.0
2013-05-16,77.5,53.0,66.5,0.0,0.0
2013-05-17,70.4,54.2,62.8,0.0,0.0
2013-05-18,67.4,54.5,59.8,0.028,0.0
2013-05-19,60.6,55.6,57.8,0.094,0.0
2013-05-20,75.9,57.4,65.7,0.0,0.0
2013-05-21,84.2,61.4,72.9,0.0,0.0
2013-05-22,85.7,65.5,73.4,0.059,0.0
2013-05-23,76.6,65.3,69.9,0.618,0.0
2013-05-24,65.9,47.0,58.4,0.291,0.0
2013-05-25,53.8,44.8,48.5,0.425,0.0
2013-05-26,65.2,47.5,55.4,0.0,0.0
2013-05-27,71.4,44.2,58.8,0.0,0.0
2013-05-28,65.4,50.5,56.9,0.209,0.0
2013-05-29,82.5,55.7,68.7,0.004,0.0
2013-05-30,88.9,65.1,77.2,0.0,0.0
2013-05-31,89.2,65.7,77.7,0.0,0.0
2013-06-01,88.3,66.5,77.6,0.0,0.0
2013-06-02,87.1,70.3,77.4,0.213,0.0
2013-06-03,75.2,67.8,70.9,0.937,0.0
2013-06-04,73.1,57.1,65.1,0.0,0.0
2013-06-05,70.1,53.7,62.6,0.0,0.0
2013-06-06,69.8,53.3,62.2,0.055,0.0
2013-06-07,62.3,59.2,60.5,1.772,0.0
2013-06-08,74.4,56.6,66.0,0.244,0.0
2013-06-09,78.2,57.8,69.0,0.0,0.0
2013-06-10,67.8,63.4,65.2,0.929,0.0
2013-06-11,78.4,67.7,72.0,0.299,0.0
2013-06-12,75.3,63.5,68.3,0.0,0.0
2013-06-13,65.0,56.9,61.5,1.224,0.0
2013-06-14,70.5,54.3,61.7,0.22,0.0
2013-06-15,77.3,58.6,68.1,0.0,0.0
2013-06-16,80.2,57.2,69.8,0.0,0.0
2013-06-17,82.7,63.3,73.4,0.0,0.0
2013-06-18,78.5,64.6,70.1,0.126,0.0
2013-06-19,74.8,60.3,66.9,0.0,0.0
2013-06-20,76.6,56.4,66.8,0.0,0.0
2013-06-21,79.2,57.9,68.8,0.0,0.0
2013-06-22,81.0,58.2,69.9,0.0,0.0
2013-06-23,84.3,64.9,74.2,0.008,0.0
2013-06-24,91.7,70.3,79.5,0.047,0.0
2013-06-25,90.2,68.5,80.0,0.0,0.0
2013-06-26,88.6,72.7,79.1,0.134,0.0
2013-06-27,83.9,70.7,76.1,0.469,0.0
2013-06-28,83.5,71.0,76.5,0.472,0.0
2013-06-29,81.3,71.3,75.4,0.079,0.0
2013-06-30,80.2,69.4,74.4,0.181,0.0
2013-07-01,79.1,72.2,73.8,0.571,0.0
2013-07-02,79.5,72.7,75.4,0.362,0.0
2013-07-03,81.2,71.7,76.4,0.244,0.0
2013-07-04,86.2,73.3,79.6,0.0,0.0
2013-07-05,88.5,73.0,80.6,0.0,0.0
2013-07-06,90.9,74.8,82.5,0.0,0.0
2013-07-07,91.3,75.2,83.0,0.008,0.0
2013-07-08,86.5,73.4,80.0,0.008,0.0
2013-07-09,86.9,72.0,79.6,0.024,0.0
2013-07-10,83.4,74.0,78.5,0.693,0.0
2013-07-11,82.8,73.2,77.3,0.213,0.0
2013-07-12,76.4,69.1,72.7,0.406,0.0
2013-07-13,80.3,69.3,74.7,0.366,0.0
2013-07-14,87.5,71.3,79.7,0.0,0.0
2013-07-15,91.1,74.1,82.5,0.0,0.0
2013-07-16,91.0,74.0,82.3,0.0,0.0
2013-07-17,91.3,73.1,83.1,0.0,0.0
2013-07-18,94.7,77.1,85.9,0.008,0.0
2013-07-19,94.8,78.7,86.0,0.028,0.0
2013-07-20,90.7,74.9,83.4,0.488,0.0
2013-07-21,83.9,74.2,77.9,0.067,0.0
2013-07-22,82.3,72.9,76.7,0.213,0.0
2013-07-23,85.4,73.8,78.4,0.965,0.0
2013-07-24,82.4,70.7,76.4,0.0,0.0
2013-07-25,69.2,65.6,66.4,0.035,0.0
2013-07-26,81.0,64.1,71.6,0.0,0.0
2013-07-27,79.9,63.5,72.3,0.0,0.0
2013-07-28,78.6,65.4,71.9,0.138,0.0
2013-07-29,82.2,68.0,73.8,0.626,0.0
2013-07-30,79.1,62.2,71.1,0.0,0.0
2013-07-31,79.6,61.4,71.3,0.0,0.0
2013-08-01,74.8,65.9,69.5,0.362,0.0
2013-08-02,82.0,65.9,73.5,0.0,0.0
2013-08-03,75.0,66.5,69.8,0.106,0.0
2013-08-04,77.1,62.0,70.2,0.0,0.0
2013-08-05,76.6,59.4,68.1,0.0,0.0
2013-08-06,77.3,63.6,70.0,0.0,0.0
2013-08-07,75.3,63.9,69.8,0.008,0.0
2013-08-08,82.2,69.4,74.2,0.465,0.0
2013-08-09,83.0,71.1,75.2,0.366,0.0
2013-08-10,82.4,68.1,74.6,0.0,0.0
2013-08-11,78.5,61.2,71.1,0.0,0.0
2013-08-12,79.2,67.0,72.9,0.098,0.0
2013-08-13,78.3,67.9,72.2,0.528,0.0
2013-08-14,73.7,61.8,67.7,0.0,0.0
2013-08-15,75.7,56.5,66.5,0.0,0.0
2013-08-16,77.4,58.0,68.4,0.0,0.0
2013-08-17,79.4,58.0,69.4,0.0,0.0
2013-08-18,75.8,63.2,69.3,0.02,0.0
2013-08-19,80.9,62.5,70.9,0.016,0.0
2013-08-20,85.3,63.8,75.0,0.0,0.0
2013-08-21,87.5,63.9,76.6,0.0,0.0
2013-08-22,81.8,71.5,75.7,0.165,0.0
2013-08-23,80.3,69.0,74.7,0.0,0.0
2013-08-24,77.1,63.1,69.8,0.0,0.0
2013-08-25,80.8,58.7,70.6,0.0,0.0
2013-08-26,82.8,64.9,72.4,0.024,0.0
2013-08-27,85.0,68.8,76.3,0.079,0.0
2013-08-28,83.7,70.2,75.3,0.055,0.0
2013-08-29,78.5,68.5,72.2,0.028,0.0
2013-08-30,82.7,67.2,74.0,0.0,0.0
2013-08-31,84.9,70.2,76.7,0.024,0.0
2013-09-01,82.4,71.7,76.1,0.126,0.0
2013-09-02,79.4,71.7,74.9,0.272,0.0
2013-09-03,80.3,68.6,74.6,0.161,0.0
2013-09-04,80.5,62.8,71.3,0.0,0.0
2013-09-05,75.9,62.9,69.4,0.0,0.0
2013-09-06,69.1,55.3,62.4,0.0,0.0
2013-09-07,77.4,53.6,65.9,0.0,0.0
2013-09-08,79.8,62.9,70.1,0.008,0.0
2013-09-09,71.0,55.4,63.6,0.0,0.0
2013-09-10,86.3,64.1,74.7,0.02,0.0
2013-09-11,91.7,71.9,81.1,0.008,0.0
2013-09-12,87.4,72.4,78.3,0.417,0.0
2013-09-13,74.7,62.1,69.9,0.039,0.0
2013-09-14,65.0,56.2,61.2,0.0,0.0
2013-09-15,71.0,50.0,61.3,0.0,0.0
2013-09-16,70.4,58.7,63.1,0.02,0.0
2013-09-17,63.0,48.9,56.7,0.0,0.0
2013-09-18,69.5,47.4,59.3,0.0,0.0
2013-09-19,74.6,50.0,62.2,0.0,0.0
2013-09-20,76.3,51.4,63.8,0.0,0.0
2013-09-21,75.6,55.4,65.9,0.051,0.0
2013-09-22,68.6,57.8,64.2,0.748,0.0
2013-09-23,64.4,50.1,56.7,0.0,0.0
2013-09-24,71.3,46.8,57.7,0.0,0.0
2013-09-25,70.8,48.4,59.9,0.0,0.0
2013-09-26,67.4,53.3,60.4,0.004,0.0
2013-09-27,66.5,52.2,59.5,0.0,0.0
2013-09-28,71.0,54.5,62.5,0.0,0.0
2013-09-29,68.4,51.9,60.5,0.0,0.0
2013-09-30,71.0,50.6,60.1,0.0,0.0
2013-10-01,78.5,52.8,65.3,0.0,0.0
2013-10-02,81.9,56.5,68.8,0.0,0.0
2013-10-03,78.1,56.8,67.7,0.0,0.0
2013-10-04,83.8,61.0,71.1,0.0,0.0
2013-10-05,77.9,63.6,68.8,0.0,0.0
2013-10-06,72.3,65.0,68.1,0.004,0.0
2013-10-07,74.6,58.2,67.2,0.457,0.0
2013-10-08,66.8,53.4,59.7,0.0,0.0
2013-10-09,62.1,53.7,57.8,0.0,0.0
2013-10-10,59.7,54.2,56.4,0.752,0.0
2013-10-11,67.2,56.7,61.3,0.48,0.0
2013-10-12,68.6,57.2,61.8,0.0,0.0
2013-10-13,62.5,55.5,58.5,0.0,0.0
2013-10-14,63.5,51.5,56.8,0.0,0.0
2013-10-15,68.1,49.1,57.2,0.0,0.0
2013-10-16,66.1,53.0,59.8,0.008,0.0
2013-10-17,70.4,58.1,63.3,0.028,0.0
2013-10-18,66.3,54.1,60.4,0.012,0.0
2013-10-19,63.7,46.7,55.6,0.039,0.0
2013-10-20,61.4,47.7,54.3,0.0,0.0
2013-10-21,64.2,43.8,53.6,0.0,0.0
2013-10-22,64.9,49.0,55.4,0.0,0.0
2013-10-23,52.4,45.0,48.6,0.0,0.0
2013-10-24,52.3,39.9,45.9,0.0,0.0
2013-10-25,52.5,38.7,44.9,0.0,0.0
2013-10-26,53.8,36.5,45.3,0.0,0.0
2013-10-27,57.5,44.0,49.7,0.0,0.0
2013-10-28,59.7,37.3,48.0,0.0,0.0
2013-10-29,54.0,42.5,47.5,0.0,0.0
2013-10-30,59.9,46.7,53.0,0.0,0.0
2013-10-31,66.8,48.8,58.4,0.047,0.0
2013-11-01,69.0,54.0,64.0,0.075,0.0
2013-11-02,65.4,51.7,57.2,0.0,0.0
2013-11-03,51.2,40.0,46.8,0.0,0.0
2013-11-04,44.6,33.9,39.1,0.0,0.0
2013-11-05,53.9,38.6,45.9,0.0,0.0
2013-11-06,59.4,42.6,50.5,0.0,0.0
2013-11-07,61.2,45.2,53.3,0.106,0.0
2013-11-08,48.8,38.8,43.3,0.0,0.0
2013-11-09,48.2,33.9,41.5,0.0,0.0
2013-11-10,56.7,40.4,46.8,0.0,0.0
2013-11-11,52.3,39.1,45.3,0.0,0.0
2013-11-12,47.8,32.6,39.7,0.083,0.165
2013-11-13,38.8,28.1,32.7,0.0,0.0
2013-11-14,50.2,31.1,38.8,0.0,0.0
2013-11-15,56.0,31.9,42.4,0.0,0.0
2013-11-16,56.2,38.2,45.8,0.031,0.0
2013-11-17,62.0,45.0,53.6,0.0,0.0
2013-11-18,63.7,50.0,57.9,0.28,0.0
2013-11-19,47.9,36.2,43.0,0.0,0.0
2013-11-20,43.2,30.3,35.5,0.0,0.0
2013-11-21,48.6,29.4,39.1,0.0,0.0
2013-11-22,55.8,44.3,48.8,0.083,0.0
2013-11-23,51.0,34.7,42.8,0.0,0.0
2013-11-24,32.6,24.1,27.2,0.0,0.055
2013-11-25,34.0,22.8,27.7,0.0,0.0
2013-11-26,42.2,29.4,34.8,0.315,0.0
2013-11-27,58.5,35.2,46.2,2.299,0.0
2013-11-28,34.8,27.8,31.1,0.0,0.0
2013-11-29,37.4,25.3,30.7,0.0,0.0
2013-11-30,36.2,24.2,30.0,0.0,0.0
2013-12-01,46.1,30.1,37.8,0.0,0.0
2013-12-02,46.2,33.6,38.5,0.0,0.0
2013-12-03,50.8,33.3,39.3,0.0,0.0
2013-12-04,51.5,33.2,41.2,0.0,0.0
2013-12-05,56.7,43.1,51.2,0.0,0.0
2013-12-06,57.8,38.9,48.3,0.661,0.0
2013-12-07,41.6,31.0,36.2,0.335,0.0
2013-12-08,33.1,25.7,30.0,0.126,0.854
2013-12-09,41.6,32.2,37.0,0.319,0.469
2013-12-10,33.1,26.8,31.1,0.244,1.736
2013-12-11,30.9,22.3,26.0,0.0,0.0
2013-12-12,24.5,18.2,20.7,0.0,0.0
2013-12-13,31.9,18.1,23.7,0.0,0.0
2013-12-14,37.4,21.6,26.6,0.465,2.756
2013-12-15,42.3,29.1,35.4,0.61,0.055
2013-12-16,27.9,19.1,24.2,0.0,0.0
2013-12-17,35.4,22.0,27.2,0.268,1.571
2013-12-18,34.1,15.9,24.2,0.0,0.0
2013-12-19,40.5,18.3,29.0,0.0,0.0
2013-12-20,47.1,30.5,38.1,0.0,0.0
2013-12-21,58.7,41.6,49.0,0.031,0.0
2013-12-22,66.8,55.9,61.8,0.047,0.0
2013-12-23,60.0,42.5,54.2,0.76,0.0
2013-12-24,40.7,30.4,36.4,0.0,0.0
2013-12-25,29.0,22.4,25.6,0.0,0.0
2013-12-26,35.6,25.5,29.9,0.0,0.0
2013-12-27,39.6,24.8,30.5,0.0,0.0
2013-12-28,48.8,27.3,35.9,0.0,0.0
2013-12-29,43.9,33.0,38.0,0.965,0.0
2013-12-30,40.3,25.6,34.3,0.0,0.0
2013-12-31,34.6,21.1,26.9,0.0,0.0
2014-01-01,34.6,23.0,27.7,0.0,0.0
2014-01-02,30.1,19.9,27.5,0.154,1.157
2014-01-03,18.1,-1.6,10.4,0.398,2.811
2014-01-04,21.0,-3.4,8.7,0.0,0.0
2014-01-05,44.3,11.3,25.2,0.004,0.0
2014-01-06,52.8,25.7,42.6,0.315,0.0
2014-01-07,21.6,2.9,9.1,0.0,0.0
2014-01-08,23.1,8.7,15.3,0.0,0.0
2014-01-09,31.1,18.9,23.7,0.0,0.0
2014-01-10,37.3,22.7,31.0,0.083,0.11
2014-01-11,54.9,34.4,48.0,0.543,0.0
2014-01-12,48.4,31.4,40.0,0.0,0.0
2014-01-13,50.6,27.2,38.0,0.0,0.0
2014-01-14,46.8,38.0,43.0,0.398,0.0
2014-01-15,47.8,29.4,38.2,0.0,0.0
2014-01-16,39.7,30.9,37.1,0.008,0.0
2014-01-17,42.0,24.7,33.1,0.0,0.0
2014-01-18,41.0,27.7,34.0,0.189,0.0
2014-01-19,36.5,24.8,29.7,0.0,0.0
2014-01-20,45.3,30.8,36.0,0.0,0.0
2014-01-21,30.1,13.3,22.3,0.339,2.453
2014-01-22,13.4,2.3,8.3,0.02,0.276
2014-01-23,18.1,-4.3,5.1,0.0,0.0
2014-01-24,16.4,-1.6,6.4,0.0,0.0
2014-01-25,25.2,10.1,19.1,0.047,0.358
2014-01-26,20.9,10.3,16.4,0.004,0.055
2014-01-27,40.9,19.6,30.7,0.0,0.0
2014-01-28,18.6,9.9,14.5,0.0,0.0
2014-01-29,21.5,12.9,15.9,0.059,0.441
2014-01-30,26.1,8.6,15.4,0.0,0.0
2014-01-31,38.5,13.4,26.2,0.0,0.0
2014-02-01,40.6,24.1,32.9,0.0,0.0
2014-02-02,51.5,24.5,37.6,0.0,0.0
2014-02-03,38.6,27.7,32.6,1.079,7.358
2014-02-04,31.2,10.7,23.1,0.0,0.0
2014-02-05,33.4,24.4,30.2,1.071,3.169
2014-02-06,30.4,14.4,22.1,0.0,0.0
2014-02-07,28.6,7.0,17.1,0.0,0.0
2014-02-08,25.8,6.7,15.4,0.0,0.055
2014-02-09,26.2,6.8,17.1,0.091,0.661
2014-02-10,26.2,8.4,18.8,0.008,0.055
2014-02-11,21.8,-1.1,8.8,0.0,0.0
2014-02-12,19.5,-1.0,9.3,0.0,0.0
2014-02-13,34.4,18.8,30.4,1.626,9.094
2014-02-14,38.0,27.4,32.9,0.461,2.343
2014-02-15,32.9,22.7,28.7,0.213,1.461
2014-02-16,27.0,15.8,21.8,0.0,0.055
2014-02-17,28.1,9.7,18.8,0.0,0.0
2014-02-18,39.0,15.2,28.8,0.122,0.579
2014-02-19,41.6,22.3,32.0,0.181,0.0
2014-02-20,40.0,24.0,34.4,0.0,0.0
2014-02-21,51.5,33.2,40.3,0.138,0.0
2014-02-22,47.9,23.5,34.1,0.0,0.0
2014-02-23,50.5,28.1,36.8,0.0,0.0
2014-02-24,36.9,24.4,31.1,0.031,0.0
2014-02-25,30.7,16.2,23.1,0.0,0.055
2014-02-26,29.3,17.0,23.4,0.02,0.165
2014-02-27,31.5,12.6,22.3,0.008,0.083
2014-02-28,22.5,4.3,14.0,0.0,0.0
2014-03-01,35.4,17.3,25.5,0.0,0.0
2014-03-02,38.9,22.4,30.3,0.02,0.11
2014-03-03,29.9,11.1,20.5,0.138,1.02
2014-03-04,27.5,3.0,15.2,0.0,0.0
2014-03-05,35.6,20.9,27.8,0.0,0.0
2014-03-06,28.2,13.8,21.0,0.0,0.0
2014-03-07,36.7,19.4,29.6,0.0,0.0
2014-03-08,50.2,24.6,36.8,0.0,0.0
2014-03-09,40.3,29.2,34.6,0.012,0.028
2014-03-10,47.0,29.0,37.2,0.0,0.0
2014-03-11,59.7,36.2,46.1,0.0,0.0
2014-03-12,55.2,35.7,46.9,0.087,0.0
2014-03-13,38.7,17.7,23.3,0.0,0.0
2014-03-14,43.0,17.3,30.2,0.0,0.0
2014-03-15,54.8,38.0,45.8,0.0,0.0
2014-03-16,37.6,27.9,32.6,0.0,0.0
2014-03-17,33.7,24.6,28.4,0.02,0.22
2014-03-18,39.4,23.0,30.8,0.0,0.0
2014-03-19,43.2,26.6,35.4,0.484,0.0
2014-03-20,52.0,38.6,44.0,0.134,0.0
2014-03-21,49.8,30.8,39.3,0.0,0.0
2014-03-22,60.7,28.0,44.6,0.0,0.0
2014-03-23,41.2,28.7,35.3,0.0,0.0
2014-03-24,34.7,21.4,27.8,0.0,0.0
2014-03-25,38.5,21.8,30.2,0.031,0.276
2014-03-26,37.3,25.4,31.1,0.051,0.413
2014-03-27,42.2,22.5,31.3,0.0,0.0
2014-03-28,59.0,31.6,46.2,0.031,0.0
2014-03-29,49.6,39.7,43.8,0.925,0.0
2014-03-30,48.1,38.0,43.8,0.862,0.0
2014-03-31,55.0,34.5,41.8,0.209,0.138
2014-04-01,56.5,30.1,42.3,0.0,0.0
2014-04-02,53.4,35.9,43.8,0.071,0.0
2014-04-03,60.3,37.0,47.0,0.02,0.0
2014-04-04,43.6,39.8,41.4,0.197,0.0
2014-04-05,53.6,39.6,45.5,0.008,0.0
2014-04-06,55.8,31.7,42.8,0.0,0.0
2014-04-07,48.3,34.4,43.2,0.331,0.0
2014-04-08,64.2,45.8,53.2,0.146,0.0
2014-04-09,58.8,37.1,47.9,0.0,0.0
2014-04-10,58.2,34.4,47.6,0.0,0.0
2014-04-11,69.5,49.7,58.0,0.055,0.0
2014-04-12,67.6,44.5,55.7,0.055,0.0
2014-04-13,73.7,45.8,59.2,0.0,0.0
2014-04-14,71.4,56.9,62.6,0.0,0.0
2014-04-15,62.3,37.4,55.4,0.823,0.0
2014-04-16,47.0,31.8,39.3,0.146,0.689
2014-04-17,46.0,34.3,39.5,0.0,0.0
2014-04-18,46.3,36.2,40.3,0.0,0.0
2014-04-19,62.9,37.0,49.7,0.0,0.0
2014-04-20,53.1,39.5,46.8,0.0,0.0
2014-04-21,61.4,35.1,47.9,0.0,0.0
2014-04-22,68.9,42.0,55.0,0.047,0.0
2014-04-23,57.7,44.5,51.1,0.02,0.0
2014-04-24,58.5,40.4,48.2,0.0,0.0
2014-04-25,58.0,37.4,48.1,0.028,0.0
2014-04-26,63.5,45.8,51.2,0.768,0.0
2014-04-27,55.5,41.2,48.5,0.0,0.0
2014-04-28,61.1,38.7,50.3,0.0,0.0
2014-04-29,48.2,42.2,45.4,0.142,0.0
2014-04-30,53.3,41.6,45.4,1.374,0.0
2014-05-01,71.9,54.6,62.3,0.315,0.0
2014-05-02,64.9,51.6,58.4,0.004,0.0
2014-05-03,65.2,44.4,55.8,0.0,0.0
2014-05-04,60.2,49.1,55.1,0.004,0.0
2014-05-05,64.7,46.4,54.9,0.0,0.0
2014-05-06,65.5,44.7,54.7,0.0,0.0
2014-05-07,64.2,43.8,54.6,0.0,0.0
2014-05-08,57.3,50.6,53.5,0.382,0.0
2014-05-09,63.6,51.2,56.9,0.138,0.0
2014-05-10,79.8,56.6,66.0,0.079,0.0
2014-05-11,76.2,58.9,66.8,0.004,0.0
2014-05-12,80.3,55.1,68.2,0.0,0.0
2014-05-13,66.3,51.3,60.3,0.0,0.0
2014-05-14,66.4,49.8,56.2,0.0,0.0
2014-05-15,69.2,56.3,63.0,0.079,0.0
2014-05-16,65.2,62.0,63.3,0.709,0.0
2014-05-17,66.2,51.2,59.3,0.315,0.0
2014-05-18,63.2,46.6,56.2,0.0,0.0
2014-05-19,68.7,46.5,57.5,0.0,0.0
2014-05-20,73.9,50.6,62.4,0.004,0.0
2014-05-21,71.5,56.7,63.2,0.016,0.0
2014-05-22,65.4,57.4,60.8,0.433,0.0
2014-05-23,66.8,56.4,60.6,0.335,0.0
2014-05-24,67.4,55.8,60.2,0.165,0.0
2014-05-25,76.6,53.7,64.1,0.0,0.0
2014-05-26,82.2,59.0,69.7,0.0,0.0
2014-05-27,83.9,62.9,73.4,0.016,0.0
2014-05-28,68.6,54.0,59.2,0.043,0.0
2014-05-29,61.3,51.5,55.3,0.0,0.0
2014-05-30,71.8,52.7,61.4,0.004,0.0
2014-05-31,67.7,55.7,61.7,0.016,0.0
2014-06-01,73.1,50.2,62.4,0.0,0.0
2014-06-02,78.2,52.2,66.3,0.0,0.0
2014-06-03,83.5,60.1,71.4,0.13,0.0
2014-06-04,78.9,61.0,70.3,0.0,0.0
2014-06-05,73.1,61.9,65.7,0.827,0.0
2014-06-06,73.0,58.5,65.6,0.0,0.0
2014-06-07,78.3,56.2,67.7,0.0,0.0
2014-06-08,81.7,58.3,70.4,0.0,0.0
2014-06-09,69.3,64.0,66.4,0.343,0.0
2014-06-10,74.9,64.7,69.2,0.031,0.0
2014-06-11,68.0,60.8,65.1,0.039,0.0
2014-06-12,72.3,60.5,66.1,0.039,0.0
2014-06-13,76.2,64.8,69.2,0.756,0.0
2014-06-14,73.3,60.9,67.7,0.031,0.0
2014-06-15,77.3,57.1,66.7,0.0,0.0
2014-06-16,78.3,58.4,69.0,0.0,0.0
2014-06-17,86.9,65.6,75.8,0.0,0.0
2014-06-18,87.0,73.1,79.9,0.0,0.0
2014-06-19,74.2,66.9,70.3,0.343,0.0
2014-06-20,77.6,61.5,69.7,0.0,0.0
2014-06-21,74.3,59.9,67.3,0.0,0.0
2014-06-22,75.0,62.3,68.6,0.0,0.0
2014-06-23,79.4,60.8,70.1,0.0,0.0
2014-06-24,80.2,63.0,71.0,0.0,0.0
2014-06-25,83.9,66.9,74.8,0.043,0.0
2014-06-26,83.2,70.6,76.3,0.157,0.0
2014-06-27,78.3,66.5,71.8,0.024,0.0
2014-06-28,82.8,61.7,72.2,0.0,0.0
2014-06-29,80.6,63.0,71.6,0.0,0.0
2014-06-30,84.3,63.1,74.2,0.0,0.0
2014-07-01,88.4,68.7,78.7,0.0,0.0
2014-07-02,90.3,72.9,80.8,0.102,0.0
2014-07-03,87.3,72.9,78.5,0.319,0.0
2014-07-04,73.5,66.2,69.6,0.701,0.0
2014-07-05,79.4,62.3,70.5,0.0,0.0
2014-07-06,83.4,60.9,72.8,0.0,0.0
2014-07-07,89.2,68.0,78.5,0.0,0.0
2014-07-08,91.5,72.2,81.9,0.024,0.0
2014-07-09,85.4,71.6,79.0,0.051,0.0
2014-07-10,80.8,68.8,74.8,0.016,0.0
2014-07-11,82.9,67.7,75.0,0.0,0.0
2014-07-12,82.5,65.2,74.3,0.0,0.0
2014-07-13,85.0,69.1,76.5,0.004,0.0
2014-07-14,82.4,72.9,76.9,0.815,0.0
2014-07-15,84.6,72.8,77.0,0.657,0.0
2014-07-16,80.2,70.5,74.2,0.437,0.0
2014-07-17,77.6,65.1,71.8,0.0,0.0
2014-07-18,79.8,61.3,71.1,0.0,0.0
2014-07-19,75.3,64.3,70.3,0.0,0.0
2014-07-20,75.5,64.1,68.7,0.02,0.0
2014-07-21,82.0,63.6,72.0,0.0,0.0
2014-07-22,84.7,65.1,75.4,0.0,0.0
2014-07-23,86.7,69.7,78.3,0.0,0.0
2014-07-24,80.1,69.2,74.5,0.0,0.0
2014-07-25,81.1,63.9,72.5,0.0,0.0
2014-07-26,80.0,65.0,72.5,0.004,0.0
2014-07-27,87.4,68.6,76.1,0.138,0.0
2014-07-28,83.0,68.6,75.4,0.091,0.0
2014-07-29,77.1,62.8,69.6,0.0,0.0
2014-07-30,77.9,62.8,70.9,0.0,0.0
2014-07-31,80.8,62.8,72.4,0.0,0.0
2014-08-01,82.9,66.5,73.5,0.028,0.0
2014-08-02,73.5,66.7,69.5,0.287,0.0
2014-08-03,74.7,63.7,68.9,0.13,0.0
2014-08-04,82.0,64.6,73.2,0.008,0.0
2014-08-05,85.7,65.5,75.5,0.0,0.0
2014-08-06,83.3,67.6,74.8,0.012,0.0
2014-08-07,80.8,63.2,72.5,0.0,0.0
2014-08-08,81.0,60.5,71.6,0.0,0.0
2014-08-09,83.8,61.9,73.4,0.0,0.0
2014-08-10,85.7,65.9,76.0,0.0,0.0
2014-08-11,83.2,67.7,75.1,0.0,0.0
2014-08-12,74.7,68.6,71.8,0.362,0.0
2014-08-13,80.3,68.6,73.5,0.291,0.0
2014-08-14,74.9,62.2,69.1,0.0,0.0
2014-08-15,74.6,57.4,66.1,0.0,0.0
2014-08-16,78.5,57.6,68.7,0.0,0.0
2014-08-17,80.6,62.8,71.4,0.0,0.0
2014-08-18,78.8,59.0,69.7,0.0,0.0
2014-08-19,80.4,60.7,70.6,0.0,0.0
2014-08-20,80.9,64.3,72.1,0.008,0.0
2014-08-21,79.1,66.7,72.5,0.059,0.0
2014-08-22,75.8,67.3,70.5,0.047,0.0
2014-08-23,73.9,65.2,68.6,0.098,0.0
2014-08-24,77.6,60.6,69.3,0.0,0.0
2014-08-25,85.6,58.9,73.2,0.0,0.0
2014-08-26,85.2,69.8,75.7,0.0,0.0
2014-08-27,88.4,64.4,76.7,0.0,0.0
2014-08-28,81.0,67.9,74.1,0.0,0.0
2014-08-29,76.7,60.0,68.6,0.0,0.0
2014-08-30,79.3,62.5,70.5,0.0,0.0
2014-08-31,87.8,70.5,77.3,0.362,0.0
2014-09-01,86.0,71.4,77.7,0.02,0.0
2014-09-02,89.8,71.5,80.8,0.0,0.0
2014-09-03,84.8,69.7,77.5,0.0,0.0
2014-09-04,84.8,65.6,75.3,0.0,0.0
2014-09-05,84.8,66.9,75.6,0.024,0.0
2014-09-06,90.7,73.9,79.8,0.059,0.0
2014-09-07,79.0,65.2,72.2,0.059,0.0
2014-09-08,74.9,63.7,68.6,0.0,0.0
2014-09-09,72.7,64.1,67.9,0.008,0.0
2014-09-10,76.3,61.4,68.3,0.0,0.0
2014-09-11,83.5,66.5,73.8,0.008,0.0
2014-09-12,76.1,60.5,68.2,0.0,0.0
2014-09-13,67.9,59.1,63.4,0.311,0.0
2014-09-14,68.6,52.4,60.4,0.0,0.0
2014-09-15,69.7,51.8,61.1,0.0,0.0
2014-09-16,69.2,56.1,62.3,0.004,0.0
2014-09-17,71.0,52.0,62.6,0.0,0.0
2014-09-18,73.8,51.7,63.9,0.0,0.0
2014-09-19,65.5,55.6,59.9,0.0,0.0
2014-09-20,74.4,57.2,65.5,0.016,0.0
2014-09-21,76.3,65.1,69.7,0.146,0.0
2014-09-22,69.0,56.0,64.9,0.0,0.0
2014-09-23,70.0,48.5,59.3,0.0,0.0
2014-09-24,70.0,54.2,62.5,0.0,0.0
2014-09-25,65.0,58.6,60.7,0.161,0.0
2014-09-26,75.6,56.0,64.6,0.0,0.0
2014-09-27,80.7,56.5,67.2,0.0,0.0
2014-09-28,82.1,59.2,69.6,0.0,0.0
2014-09-29,78.9,60.8,69.1,0.0,0.0
2014-09-30,69.6,62.0,65.6,0.055,0.0
2014-10-01,63.7,58.9,61.1,0.11,0.0
2014-10-02,65.4,59.5,61.3,0.0,0.0
2014-10-03,67.7,55.0,60.5,0.0,0.0
2014-10-04,65.8,56.7,62.5,0.484,0.0
2014-10-05,60.7,45.9,53.1,0.0,0.0
2014-10-06,68.0,46.3,57.8,0.0,0.0
2014-10-07,73.3,59.9,65.4,0.02,0.0
2014-10-08,71.4,60.4,64.6,0.303,0.0
2014-10-09,68.8,51.5,59.9,0.0,0.0
2014-10-10,62.9,47.5,56.5,0.0,0.0
2014-10-11,56.8,48.4,53.8,0.587,0.0
2014-10-12,60.4,46.1,52.4,0.0,0.0
2014-10-13,64.6,47.7,57.5,0.0,0.0
2014-10-14,74.4,61.8,67.3,0.0,0.0
2014-10-15,75.8,66.5,70.0,0.311,0.0
2014-10-16,69.9,59.9,66.3,1.193,0.0
2014-10-17,69.6,55.7,61.9,0.0,0.0
2014-10-18,68.6,56.3,61.1,0.0,0.0
2014-10-19,56.9,43.8,50.6,0.0,0.0
2014-10-20,58.2,38.8,48.9,0.0,0.0
2014-10-21,64.4,50.6,56.7,0.15,0.0
2014-10-22,54.8,49.6,52.6,0.72,0.0
2014-10-23,51.4,49.0,50.4,0.193,0.0
2014-10-24,61.5,49.5,53.8,0.008,0.0
2014-10-25,64.7,45.2,55.0,0.0,0.0
2014-10-26,59.3,49.8,54.7,0.0,0.0
2014-10-27,61.4,46.3,52.2,0.0,0.0
2014-10-28,70.0,45.9,57.0,0.0,0.0
2014-10-29,66.6,50.5,59.2,0.118,0.0
2014-10-30,57.1,44.1,50.4,0.0,0.0
2014-10-31,53.9,43.1,48.6,0.0,0.0
2014-11-01,49.8,41.0,44.9,0.591,0.0
2014-11-02,47.3,39.2,42.1,0.028,0.0
2014-11-03,57.9,38.5,46.2,0.0,0.0
2014-11-04,65.0,42.7,52.1,0.0,0.0
2014-11-05,61.8,48.7,54.4,0.0,0.0
2014-11-06,51.3,46.2,48.8,0.394,0.0
2014-11-07,51.5,38.3,45.7,0.016,0.0
2014-11-08,46.6,33.5,40.3,0.0,0.0
2014-11-09,55.7,41.1,46.6,0.0,0.0
2014-11-10,58.4,38.3,46.9,0.0,0.0
2014-11-11,63.8,43.6,53.5,0.0,0.0
2014-11-12,64.2,46.0,55.7,0.0,0.0
2014-11-13,46.3,36.0,41.7,0.126,0.0
2014-11-14,43.0,32.9,37.4,0.134,0.0
2014-11-15,40.9,29.5,34.4,0.0,0.0
2014-11-16,42.5,29.3,36.3,0.0,0.0
2014-11-17,48.9,37.5,43.4,0.976,0.0
2014-11-18,42.2,26.5,32.5,0.0,0.0
2014-11-19,31.5,22.5,26.7,0.0,0.0
2014-11-20,44.1,29.0,35.6,0.0,0.0
2014-11-21,36.1,24.9,30.3,0.0,0.0
2014-11-22,39.9,23.7,31.9,0.0,0.0
2014-11-23,53.0,36.5,42.6,0.0,0.0
2014-11-24,67.0,43.9,58.8,0.453,0.0
2014-11-25,61.2,43.1,53.2,0.0,0.0
2014-11-26,44.3,34.2,38.5,0.969,2.646
2014-11-27,37.7,31.9,34.7,0.02,0.138
2014-11-28,35.4,22.7,28.3,0.0,0.0
2014-11-29,35.1,25.1,29.6,0.0,0.0
2014-11-30,50.5,29.9,42.9,0.0,0.0
2014-12-01,62.7,39.7,51.3,0.118,0.0
2014-12-02,43.9,34.8,38.8,0.118,0.028
2014-12-03,46.3,38.0,43.9,0.157,0.0
2014-12-04,43.5,29.6,36.1,0.0,0.0
2014-12-05,46.6,30.8,38.6,0.154,0.0
2014-12-06,48.1,38.7,43.7,0.795,0.0
2014-12-07,40.0,28.2,35.0,0.177,0.0
2014-12-08,35.3,25.9,29.8,0.0,0.0
2014-12-09,40.4,36.3,38.5,1.972,0.0
2014-12-10,39.0,32.4,36.1,0.067,0.441
2014-12-11,35.7,29.0,31.9,0.047,0.386
2014-12-12,36.5,26.0,30.6,0.0,0.0
2014-12-13,40.7,29.2,33.5,0.0,0.0
2014-12-14,44.0,31.1,36.3,0.0,0.0
2014-12-15,45.0,28.9,36.7,0.0,0.0
2014-12-16,47.6,32.8,40.1,0.118,0.0
2014-12-17,50.6,40.5,44.4,0.02,0.0
2014-12-18,41.9,32.8,37.0,0.0,0.0
2014-12-19,37.1,28.6,33.2,0.0,0.0
2014-12-20,35.7,25.5,29.8,0.0,0.0
2014-12-21,37.7,28.0,32.6,0.0,0.0
2014-12-22,44.3,32.9,38.6,0.012,0.0
2014-12-23,47.1,43.3,44.8,0.087,0.0
2014-12-24,57.8,43.6,48.9,0.575,0.0
2014-12-25,59.6,40.9,50.4,0.134,0.0
2014-12-26,47.8,34.1,39.7,0.0,0.0
2014-12-27,51.7,33.3,40.8,0.0,0.0
2014-12-28,52.1,38.8,44.8,0.016,0.0
2014-12-29,42.1,29.9,37.1,0.0,0.0
2014-12-30,34.5,25.0,29.2,0.0,0.0
2014-12-31,31.9,22.9,27.2,0.0,0.0
2015-01-01,36.3,24.0,29.3,0.0,0.0
2015-01-02,41.5,27.7,33.6,0.0,0.0
2015-01-03,44.2,26.1,33.6,0.65,1.213
2015-01-04,56.0,43.9,49.2,0.283,0.0
2015-01-05,44.8,24.8,34.1,0.0,0.0
2015-01-06,24.1,19.9,21.8,0.047,0.413
2015-01-07,24.4,9.5,19.1,0.0,0.0
2015-01-08,21.0,7.9,13.9,0.0,0.0
2015-01-09,32.9,16.5,24.9,0.035,0.248
2015-01-10,22.7,14.3,18.4,0.0,0.0
2015-01-11,35.3,15.7,24.2,0.0,0.0
2015-01-12,36.2,29.4,33.5,0.488,0.0
2015-01-13,34.5,17.3,25.9,0.043,0.083
2015-01-14,31.7,16.8,23.5,0.0,0.0
2015-01-15,34.1,22.5,27.2,0.0,0.0
2015-01-16,40.5,20.8,29.5,0.0,0.0
2015-01-17,28.4,16.5,21.9,0.0,0.0
2015-01-18,43.4,25.8,34.9,1.343,0.0
2015-01-19,41.3,28.7,33.3,0.0,0.0
2015-01-20,41.0,27.0,32.8,0.0,0.0
2015-01-21,34.1,21.7,27.7,0.004,0.11
2015-01-22,39.8,26.9,31.8,0.016,0.11
2015-01-23,38.2,23.6,30.1,0.0,0.0
2015-01-24,35.5,30.7,32.7,0.858,4.354
2015-01-25,38.4,24.6,29.9,0.0,0.0
2015-01-26,26.4,21.6,23.7,0.228,1.654
2015-01-27,25.8,18.2,21.6,0.476,3.362
2015-01-28,26.4,10.1,16.7,0.0,0.0
2015-01-29,30.5,3.4,15.8,0.016,0.138
2015-01-30,34.7,15.2,28.8,0.098,0.744
2015-01-31,21.3,6.2,13.1,0.0,0.0
2015-02-01,32.9,5.7,18.5,0.012,0.138
2015-02-02,36.2,16.1,29.3,1.059,3.252
2015-02-03,21.8,3.8,12.0,0.0,0.0
2015-02-04,36.8,8.0,23.5,0.0,0.0
2015-02-05,32.6,9.1,24.6,0.035,0.276
2015-02-06,22.5,-3.0,8.9,0.0,0.028
2015-02-07,32.8,7.4,19.8,0.0,0.055
2015-02-08,38.2,27.2,32.5,0.004,0.0
2015-02-09,31.9,24.1,26.4,0.154,0.551
2015-02-10,34.4,22.5,27.1,0.012,0.138
2015-02-11,28.8,17.4,23.3,0.0,0.0
2015-02-12,36.6,18.4,26.3,0.016,0.028
2015-02-13,17.3,3.5,9.8,0.0,0.0
2015-02-14,30.7,7.0,18.4,0.039,0.303
2015-02-15,21.8,1.0,12.9,0.055,0.469
2015-02-16,17.7,-2.3,6.9,0.0,0.0
2015-02-17,24.2,11.4,17.0,0.118,0.909
2015-02-18,27.1,6.6,16.8,0.0,0.0
2015-02-19,19.1,6.5,13.9,0.0,0.0
2015-02-20,15.8,-3.3,5.0,0.0,0.0
2015-02-21,28.6,-0.1,15.6,0.406,2.839
2015-02-22,41.4,26.9,32.7,0.283,1.488
2015-02-23,28.6,4.6,19.4,0.0,0.0
2015-02-24,18.8,-3.6,7.7,0.0,0.0
2015-02-25,33.5,4.8,19.2,0.0,0.0
2015-02-26,26.0,17.3,20.6,0.031,0.22
2015-02-27,26.7,7.7,15.9,0.0,0.0
2015-02-28,25.0,0.1,13.7,0.0,0.0
2015-03-01,28.9,14.7,21.7,0.461,3.169
2015-03-02,35.3,20.7,29.5,0.012,0.028
2015-03-03,34.6,10.8,22.0,0.417,1.157
2015-03-04,40.1,36.0,37.5,0.193,0.0
2015-03-05,35.8,20.0,28.3,0.74,3.748
2015-03-06,21.1,4.4,13.4,0.0,0.028
2015-03-07,33.9,1.4,16.8,0.0,0.0
2015-03-08,42.8,20.9,30.9,0.0,0.0
2015-03-09,45.2,22.5,33.6,0.004,0.0
2015-03-10,43.4,29.6,36.8,0.248,0.0
2015-03-11,52.0,33.4,42.1,0.134,0.0
2015-03-12,42.0,25.4,35.6,0.0,0.0
2015-03-13,38.6,22.7,30.9,0.0,0.0
2015-03-14,43.4,33.5,38.0,0.807,0.0
2015-03-15,43.4,33.5,38.5,0.0,0.0
2015-03-16,46.7,25.7,36.7,0.0,0.0
2015-03-17,53.7,29.6,41.5,0.031,0.0
2015-03-18,37.2,24.1,30.7,0.0,0.0
2015-03-19,39.8,20.9,29.3,0.0,0.0
2015-03-20,35.6,25.6,30.4,0.433,3.059
2015-03-21,46.9,28.7,36.3,0.004,0.165
2015-03-22,39.5,23.4,33.6,0.0,0.0
2015-03-23,36.3,17.0,26.2,0.0,0.0
2015-03-24,41.5,24.5,31.2,0.0,0.0
2015-03-25,44.2,27.2,35.2,0.079,0.028
2015-03-26,58.8,35.3,48.2,0.311,0.0
2015-03-27,47.1,34.4,40.5,0.256,0.0
2015-03-28,39.7,28.9,34.7,0.0,0.028
2015-03-29,43.4,26.1,33.4,0.0,0.0
2015-03-30,51.7,30.6,40.5,0.004,0.055
2015-03-31,43.4,29.6,36.7,0.209,0.193
2015-04-01,50.4,29.8,38.9,0.0,0.0
2015-04-02,60.8,28.3,45.8,0.035,0.0
2015-04-03,59.0,50.5,55.5,0.213,0.0
2015-04-04,57.9,38.0,49.3,0.075,0.0
2015-04-05,58.9,33.5,45.8,0.0,0.0
2015-04-06,62.2,32.8,48.9,0.012,0.0
2015-04-07,59.8,42.6,50.5,0.134,0.0
2015-04-08,44.4,39.5,41.2,0.02,0.0
2015-04-09,44.1,37.2,39.3,0.008,0.0
2015-04-10,57.1,38.9,48.1,0.028,0.0
2015-04-11,56.1,43.1,50.6,0.0,0.0
2015-04-12,62.4,34.6,48.5,0.0,0.0
2015-04-13,65.5,39.4,52.4,0.0,0.0
2015-04-14,61.8,51.1,55.5,0.039,0.0
2015-04-15,66.5,45.3,55.4,0.0,0.0
2015-04-16,59.1,41.7,50.9,0.0,0.0
2015-04-17,67.1,50.5,57.8,0.142,0.0
2015-04-18,74.3,46.3,61.4,0.0,0.0
2015-04-19,56.0,44.5,50.7,0.0,0.0
2015-04-20,59.6,44.6,51.7,1.055,0.0
2015-04-21,64.1,47.9,56.3,0.272,0.0
2015-04-22,65.9,41.7,52.6,0.157,0.0
2015-04-23,49.8,39.4,44.6,0.016,0.0
2015-04-24,48.1,35.0,41.1,0.0,0.0
2015-04-25,57.6,33.7,44.9,0.0,0.0
2015-04-26,56.9,39.5,48.7,0.0,0.0
2015-04-27,58.6,41.1,50.1,0.0,0.0
2015-04-28,65.4,46.6,54.2,0.0,0.0
2015-04-29,72.0,48.2,58.8,0.0,0.0
2015-04-30,59.9,45.1,52.0,0.0,0.0
2015-05-01,56.3,45.8,49.9,0.0,0.0
2015-05-02,64.0,43.9,51.8,0.0,0.0
2015-05-03,73.5,43.0,57.7,0.0,0.0
2015-05-04,79.1,48.4,64.9,0.0,0.0
2015-05-05,78.7,58.7,68.9,0.0,0.0
2015-05-06,67.2,55.1,63.1,0.0,0.0
2015-05-07,74.7,50.2,62.6,0.0,0.0
2015-05-08,79.4,51.7,64.3,0.0,0.0
2015-05-09,65.4,53.2,59.9,0.0,0.0
2015-05-10,80.5,60.1,69.0,0.0,0.0
2015-05-11,79.8,64.3,70.1,0.024,0.0
2015-05-12,84.8,64.5,74.4,0.0,0.0
2015-05-13,66.0,54.4,60.7,0.0,0.0
2015-05-14,69.3,48.8,59.2,0.0,0.0
2015-05-15,72.2,51.2,61.6,0.0,0.0
2015-05-16,77.9,55.2,65.6,0.248,0.0
2015-05-17,80.3,62.2,71.5,0.248,0.0
2015-05-18,67.7,57.5,62.4,0.0,0.0
2015-05-19,77.0,57.2,64.4,0.228,0.0
2015-05-20,66.8,53.3,59.7,0.0,0.0
2015-05-21,58.9,48.8,54.1,0.0,0.0
2015-05-22,70.8,52.4,61.4,0.0,0.0
2015-05-23,66.5,48.4,57.2,0.0,0.0
2015-05-24,77.4,49.8,64.1,0.0,0.0
2015-05-25,83.2,57.5,70.9,0.0,0.0
2015-05-26,86.0,63.2,73.7,0.0,0.0
2015-05-27,85.1,66.0,74.0,0.13,0.0
2015-05-28,86.0,65.7,74.3,0.15,0.0
2015-05-29,79.6,60.4,69.6,0.0,0.0
2015-05-30,83.2,62.5,72.3,0.0,0.0
2015-05-31,84.5,67.4,73.1,0.307,0.0
2015-06-01,70.7,54.8,62.2,0.996,0.0
2015-06-02,54.4,52.0,53.3,0.988,0.0
2015-06-03,65.9,52.8,57.3,0.02,0.0
2015-06-04,61.4,53.9,56.7,0.02,0.0
2015-06-05,63.3,54.2,58.3,0.012,0.0
2015-06-06,73.6,56.7,65.5,0.094,0.0
2015-06-07,70.6,50.9,61.3,0.0,0.0
2015-06-08,76.2,59.1,67.1,0.051,0.0
2015-06-09,79.4,64.9,71.1,0.102,0.0
2015-06-10,79.4,58.2,69.7,0.0,0.0
2015-06-11,87.8,66.7,76.7,0.0,0.0
2015-06-12,84.0,67.5,76.9,0.0,0.0
2015-06-13,83.0,71.9,76.9,0.0,0.0
2015-06-14,83.4,65.0,73.9,0.02,0.0
2015-06-15,83.4,66.5,71.9,0.854,0.0
2015-06-16,79.4,65.0,71.1,0.35,0.0
2015-06-17,76.7,65.0,69.7,0.0,0.0
2015-06-18,69.2,63.8,65.8,0.0,0.0
2015-06-19,82.1,65.0,73.0,0.012,0.0
2015-06-20,69.5,64.7,68.2,0.035,0.0
2015-06-21,85.3,69.6,75.7,1.543,0.0
2015-06-22,84.2,67.7,75.7,0.0,0.0
2015-06-23,89.3,69.7,78.9,0.0,0.0
2015-06-24,81.3,65.0,73.5,0.0,0.0
2015-06-25,80.7,61.6,71.9,0.0,0.0
2015-06-26,76.6,67.6,71.9,0.004,0.0
2015-06-27,69.4,62.4,65.6,1.378,0.0
2015-06-28,72.0,63.3,67.2,1.311,0.0
2015-06-29,73.5,61.0,67.7,0.0,0.0
2015-06-30,78.6,61.8,71.0,0.012,0.0
2015-07-01,80.8,68.4,73.7,0.441,0.0
2015-07-02,76.4,63.3,69.8,0.0,0.0
2015-07-03,79.2,63.5,70.5,0.0,0.0
2015-07-04,74.0,65.5,70.1,0.059,0.0
2015-07-05,81.5,63.3,72.5,0.0,0.0
2015-07-06,79.4,65.5,72.5,0.012,0.0
2015-07-07,84.4,72.1,77.0,0.177,0.0
2015-07-08,84.5,72.2,77.2,0.315,0.0
2015-07-09,78.7,70.4,72.8,0.122,0.0
2015-07-10,82.1,68.0,74.8,0.004,0.0
2015-07-11,83.0,65.4,74.4,0.0,0.0
2015-07-12,85.8,65.0,76.4,0.004,0.0
2015-07-13,83.5,68.7,75.6,0.0,0.0
2015-07-14,78.5,65.8,72.9,0.26,0.0
2015-07-15,80.0,70.5,74.6,0.071,0.0
2015-07-16,77.8,63.9,70.6,0.0,0.0
2015-07-17,79.1,60.3,69.9,0.0,0.0
2015-07-18,83.5,68.6,75.7,0.11,0.0
2015-07-19,91.2,71.7,81.0,0.0,0.0
2015-07-20,91.8,76.7,83.6,0.008,0.0
2015-07-21,90.2,72.6,81.5,0.012,0.0
2015-07-22,83.3,67.7,75.9,0.0,0.0
2015-07-23,82.8,64.3,73.8,0.0,0.0
2015-07-24,82.4,63.1,74.0,0.0,0.0
2015-07-25,83.8,63.1,74.4,0.0,0.0
2015-07-26,87.4,68.6,77.8,0.0,0.0
2015-07-27,80.6,69.3,74.8,0.72,0.0
2015-07-28,88.4,69.7,79.0,0.0,0.0
2015-07-29,90.8,69.9,81.2,0.0,0.0
2015-07-30,88.2,74.0,79.0,0.35,0.0
2015-07-31,87.4,69.1,78.2,0.0,0.0
2015-08-01,86.6,70.7,78.0,0.028,0.0
2015-08-02,85.5,64.6,76.0,0.0,0.0
2015-08-03,88.0,69.0,79.0,0.0,0.0
2015-08-04,89.2,71.4,79.2,0.047,0.0
2015-08-05,86.4,67.1,77.0,0.0,0.0
2015-08-06,81.4,62.6,73.0,0.0,0.0
2015-08-07,81.2,65.6,73.8,0.0,0.0
2015-08-08,81.3,64.3,72.6,0.0,0.0
2015-08-09,81.9,65.0,73.2,0.0,0.0
2015-08-10,80.2,64.7,72.2,0.0,0.0
2015-08-11,78.8,69.5,72.1,1.189,0.0
2015-08-12,81.4,65.9,73.3,0.0,0.0
2015-08-13,81.3,63.0,72.1,0.0,0.0
2015-08-14,84.5,62.3,74.2,0.0,0.0
2015-08-15,88.4,67.7,77.9,0.0,0.0
2015-08-16,88.6,69.6,79.5,0.0,0.0
2015-08-17,90.6,71.4,81.2,0.0,0.0
2015-08-18,88.4,73.6,79.4,0.012,0.0
2015-08-19,84.0,71.1,77.0,0.004,0.0
2015-08-20,83.0,72.5,77.0,0.047,0.0
2015-08-21,83.5,72.4,77.3,0.098,0.0
2015-08-22,82.5,67.0,75.1,0.008,0.0
2015-08-23,80.6,65.0,72.7,0.043,0.0
2015-08-24,84.3,68.9,75.6,0.0,0.0
2015-08-25,84.8,70.7,76.7,0.197,0.0
2015-08-26,81.7,64.8,73.8,0.0,0.0
2015-08-27,79.0,66.1,72.0,0.0,0.0
2015-08-28,78.8,62.0,70.9,0.0,0.0
2015-08-29,83.6,61.9,73.2,0.0,0.0
2015-08-30,87.3,66.8,77.1,0.0,0.0
2015-08-31,88.8,72.7,79.9,0.0,0.0
2015-09-01,86.9,69.4,77.8,0.0,0.0
2015-09-02,86.8,69.3,77.7,0.0,0.0
2015-09-03,89.9,68.7,78.8,0.248,0.0
2015-09-04,80.6,71.1,75.8,0.035,0.0
2015-09-05,78.3,65.4,71.6,0.0,0.0
2015-09-06,81.3,61.9,71.6,0.0,0.0
2015-09-07,88.2,64.4,76.3,0.0,0.0
2015-09-08,92.2,70.9,80.9,0.0,0.0
2015-09-09,87.8,71.4,79.3,0.016,0.0
2015-09-10,78.1,70.1,72.8,1.484,0.0
2015-09-11,76.2,64.9,70.6,0.189,0.0
2015-09-12,75.5,64.1,69.8,0.425,0.0
2015-09-13,71.7,62.3,67.4,0.094,0.0
2015-09-14,72.6,57.0,64.0,0.0,0.0
2015-09-15,78.9,55.8,66.8,0.0,0.0
2015-09-16,81.8,58.6,69.9,0.0,0.0
2015-09-17,83.3,60.5,71.9,0.0,0.0
2015-09-18,81.7,60.9,70.8,0.0,0.0
2015-09-19,80.0,62.0,70.6,0.0,0.0
2015-09-20,74.4,63.2,69.2,0.0,0.0
2015-09-21,68.8,56.9,63.0,0.004,0.0
2015-09-22,69.5,60.9,64.5,0.0,0.0
2015-09-23,75.6,57.0,65.5,0.0,0.0
2015-09-24,77.4,55.7,66.7,0.0,0.0
2015-09-25,71.0,61.4,65.6,0.0,0.0
2015-09-26,67.6,59.6,62.9,0.0,0.0
2015-09-27,69.3,56.3,62.6,0.0,0.0
2015-09-28,76.5,59.5,67.6,0.004,0.0
2015-09-29,78.0,65.0,70.3,0.26,0.0
2015-09-30,77.6,59.7,69.5,0.933,0.0
2015-10-01,60.1,56.3,58.3,0.051,0.0
2015-10-02,57.7,48.8,50.9,1.071,0.0
2015-10-03,53.3,49.4,51.2,0.087,0.0
2015-10-04,59.4,53.3,55.3,0.004,0.0
2015-10-05,61.8,50.7,55.7,0.0,0.0
2015-10-06,69.3,47.9,58.3,0.0,0.0
2015-10-07,70.5,54.3,61.0,0.0,0.0
2015-10-08,65.9,53.7,59.7,0.0,0.0
2015-10-09,75.0,56.3,64.6,0.272,0.0
2015-10-10,61.3,50.6,55.7,0.0,0.0
2015-10-11,66.6,45.0,55.3,0.0,0.0
2015-10-12,72.6,47.8,58.9,0.0,0.0
2015-10-13,72.2,53.7,61.7,0.0,0.0
2015-10-14,65.2,53.3,59.2,0.0,0.0
2015-10-15,61.4,47.0,54.5,0.0,0.0
2015-10-16,62.1,50.3,55.0,0.0,0.0
2015-10-17,54.4,42.7,48.6,0.0,0.0
2015-10-18,47.7,37.0,42.0,0.0,0.0
2015-10-19,50.5,32.5,41.7,0.0,0.0
2015-10-20,67.8,44.1,54.2,0.0,0.0
2015-10-21,72.5,48.2,59.1,0.0,0.0
2015-10-22,73.6,49.0,60.5,0.02,0.0
2015-10-23,60.9,46.3,54.0,0.0,0.0
2015-10-24,54.1,40.8,48.5,0.0,0.0
2015-10-25,64.9,51.7,57.1,0.004,0.0
2015-10-26,56.8,42.3,49.2,0.0,0.0
2015-10-27,56.9,40.3,48.6,0.0,0.0
2015-10-28,65.1,51.3,58.0,0.697,0.0
2015-10-29,68.3,55.4,63.6,0.319,0.0
2015-10-30,58.2,45.1,51.6,0.0,0.0
2015-10-31,53.3,37.1,46.0,0.0,0.0
2015-11-01,62.9,47.1,54.8,0.008,0.0
2015-11-02,63.2,47.9,54.8,0.0,0.0
2015-11-03,70.0,43.9,55.9,0.0,0.0
2015-11-04,66.5,46.9,55.5,0.0,0.0
2015-11-05,68.1,50.4,59.5,0.0,0.0
2015-11-06,71.4,61.8,65.5,0.0,0.0
2015-11-07,64.5,53.3,59.3,0.0,0.0
2015-11-08,55.6,44.3,50.1,0.0,0.0
2015-11-09,57.4,43.4,49.9,0.0,0.0
2015-11-10,59.1,49.2,53.9,0.047,0.0
2015-11-11,57.0,48.0,51.4,0.146,0.0
2015-11-12,56.1,48.0,52.6,0.15,0.0
2015-11-13,55.6,45.9,51.2,0.0,0.0
2015-11-14,47.0,39.3,43.7,0.0,0.0
2015-11-15,56.9,35.6,45.1,0.0,0.0
2015-11-16,64.7,43.2,52.1,0.0,0.0
2015-11-17,48.7,39.6,44.5,0.0,0.0
2015-11-18,56.7,42.6,50.4,0.0,0.0
2015-11-19,63.8,54.6,58.9,0.858,0.0
2015-11-20,60.1,43.1,53.2,0.142,0.0
2015-11-21,48.7,39.6,44.3,0.0,0.0
2015-11-22,52.0,43.4,48.2,0.02,0.0
2015-11-23,42.3,32.6,37.8,0.0,0.0
2015-11-24,44.5,27.3,35.5,0.0,0.0
2015-11-25,46.9,31.3,38.9,0.0,0.0
2015-11-26,59.0,39.8,48.4,0.0,0.0
2015-11-27,62.5,39.6,50.5,0.0,0.0
2015-11-28,56.5,45.7,51.2,0.067,0.0
2015-11-29,47.2,37.3,42.2,0.0,0.0
2015-11-30,45.1,32.8,39.4,0.0,0.0
2015-12-01,48.3,43.9,46.1,0.508,0.0
2015-12-02,54.9,45.4,49.7,0.378,0.0
2015-12-03,54.4,41.6,46.6,0.0,0.0
2015-12-04,49.7,36.6,42.8,0.0,0.0
2015-12-05,49.4,32.1,39.5,0.0,0.0
2015-12-06,51.3,32.1,40.3,0.0,0.0
2015-12-07,52.6,34.0,42.0,0.0,0.0
2015-12-08,46.5,38.0,41.9,0.0,0.0
2015-12-09,50.9,37.5,44.1,0.0,0.0
2015-12-10,56.5,43.2,48.7,0.004,0.0
2015-12-11,59.6,41.3,49.2,0.0,0.0
2015-12-12,61.1,45.2,52.7,0.0,0.0
2015-12-13,63.0,49.2,53.7,0.0,0.0
2015-12-14,61.0,51.5,56.2,0.169,0.0
2015-12-15,62.9,50.5,56.8,0.075,0.0
2015-12-16,49.7,40.8,46.3,0.0,0.0
2015-12-17,55.0,45.7,50.7,0.748,0.0
2015-12-18,52.6,37.6,46.3,0.004,0.0
2015-12-19,39.7,33.3,36.1,0.0,0.0
2015-12-20,41.1,29.8,34.9,0.0,0.0
2015-12-21,51.1,32.6,43.1,0.0,0.0
2015-12-22,57.2,49.1,52.8,0.283,0.0
2015-12-23,60.9,49.0,52.5,0.839,0.0
2015-12-24,68.2,56.8,63.8,0.157,0.0
2015-12-25,63.6,52.3,56.9,0.15,0.0
2015-12-26,55.1,47.9,49.8,0.0,0.0
2015-12-27,60.4,46.1,53.3,0.189,0.0
2015-12-28,44.3,37.8,39.8,0.012,0.0
2015-12-29,50.4,37.4,42.9,0.421,0.0
2015-12-30,48.2,39.1,44.2,0.067,0.0
2015-12-31,49.5,38.9,45.2,0.094,0.0
2016-01-01,43.1,33.1,37.8,0.0,0.0
2016-01-02,39.6,29.3,33.9,0.0,0.0
2016-01-03,43.7,30.2,35.5,0.0,0.0
2016-01-04,31.2,17.8,27.6,0.0,0.0
2016-01-05,29.4,13.9,21.2,0.0,0.0
2016-01-06,38.0,20.8,27.1,0.0,0.0
2016-01-07,41.7,22.9,31.8,0.0,0.0
2016-01-08,42.7,29.7,36.0,0.0,0.0
2016-01-09,47.0,36.5,41.9,0.004,0.0
2016-01-10,56.9,40.5,50.6,1.228,0.0
2016-01-11,38.1,26.0,31.9,0.0,0.0
2016-01-12,42.0,21.8,30.6,0.0,0.0
2016-01-13,29.9,23.2,25.9,0.0,0.0
2016-01-14,36.8,22.0,28.5,0.004,0.055
2016-01-15,47.7,29.9,38.6,0.008,0.0
2016-01-16,50.0,36.3,41.7,0.319,0.0
2016-01-17,39.3,28.0,33.2,0.075,0.551
2016-01-18,28.1,19.6,24.7,0.0,0.0
2016-01-19,27.7,16.4,21.5,0.0,0.0
2016-01-20,36.7,24.1,28.8,0.0,0.0
2016-01-21,35.7,24.9,28.7,0.0,0.0
2016-01-22,29.5,20.8,25.5,0.012,0.083
2016-01-23,27.4,24.6,26.1,1.728,12.098
2016-01-24,25.7,14.2,20.7,0.043,0.303
2016-01-25,31.7,14.8,22.5,0.0,0.0
2016-01-26,40.8,22.6,31.5,0.0,0.0
2016-01-27,38.3,23.3,33.7,0.012,0.0
2016-01-28,34.9,17.1,25.5,0.0,0.0
2016-01-29,38.0,20.9,29.4,0.008,0.0
2016-01-30,34.3,16.4,26.4,0.0,0.0
2016-01-31,42.3,25.4,33.3,0.0,0.0
2016-02-01,46.7,35.3,40.1,0.0,0.0
2016-02-02,47.3,26.0,34.0,0.0,0.0
2016-02-03,54.1,29.4,44.5,0.555,0.0
2016-02-04,53.7,43.7,50.2,0.028,0.0
2016-02-05,42.3,25.9,33.9,0.657,3.528
2016-02-06,36.6,21.4,29.5,0.0,0.0
2016-02-07,42.3,23.6,31.9,0.0,0.0
2016-02-08,33.9,27.1,31.6,0.043,0.496
2016-02-09,33.1,25.4,28.5,0.035,0.303
2016-02-10,37.5,27.5,32.1,0.028,0.276
2016-02-11,26.9,18.2,23.5,0.0,0.028
2016-02-12,24.6,9.1,18.1,0.0,0.0
2016-02-13,18.8,4.0,13.9,0.0,0.0
2016-02-14,14.7,-1.7,6.9,0.0,0.0
2016-02-15,38.2,13.3,24.0,0.256,1.268
2016-02-16,52.7,34.0,46.3,0.791,0.0
2016-02-17,42.6,29.0,34.9,0.0,0.0
2016-02-18,34.9,24.5,29.5,0.0,0.0
2016-02-19,35.3,21.1,28.6,0.02,0.138
2016-02-20,58.7,34.3,45.7,0.0,0.0
2016-02-21,52.6,34.4,44.3,0.039,0.0
2016-02-22,49.0,29.6,38.8,0.071,0.0
2016-02-23,40.9,31.5,35.4,0.244,0.138
2016-02-24,57.1,36.1,46.1,0.898,0.0
2016-02-25,57.4,38.1,47.9,0.154,0.0
2016-02-26,38.0,28.1,33.9,0.0,0.0
2016-02-27,39.9,23.3,31.5,0.0,0.0
2016-02-28,57.6,32.4,42.9,0.0,0.0
2016-02-29,56.9,43.3,48.7,0.035,0.0
2016-03-01,47.7,34.5,41.7,0.016,0.0
2016-03-02,52.3,29.9,42.5,0.185,0.0
2016-03-03,35.6,25.4,30.8,0.0,0.0
2016-03-04,36.5,29.9,32.6,0.138,1.02
2016-03-05,38.2,25.9,31.9,0.0,0.0
2016-03-06,42.0,25.7,34.4,0.0,0.0
2016-03-07,56.7,29.0,41.7,0.0,0.0
2016-03-08,60.0,37.0,47.0,0.0,0.0
2016-03-09,72.7,38.9,54.9,0.0,0.0
2016-03-10,75.1,52.4,62.6,0.0,0.0
2016-03-11,62.0,45.4,55.9,0.134,0.0
2016-03-12,58.4,35.7,46.8,0.0,0.0
2016-03-13,58.4,43.2,50.6,0.0,0.0
2016-03-14,47.3,41.8,43.9,0.181,0.0
2016-03-15,53.4,43.4,47.0,0.012,0.0
2016-03-16,60.8,42.3,49.6,0.024,0.0
2016-03-17,59.6,40.1,49.7,0.016,0.0
2016-03-18,55.8,42.2,48.4,0.0,0.0
2016-03-19,45.1,31.5,39.8,0.0,0.0
2016-03-20,40.0,31.6,35.7,0.091,0.413
2016-03-21,48.4,32.6,38.9,0.114,0.827
2016-03-22,54.1,30.6,41.7,0.0,0.0
2016-03-23,67.4,44.7,54.2,0.0,0.0
2016-03-24,55.8,40.9,47.2,0.0,0.0
2016-03-25,70.5,49.2,59.2,0.15,0.0
2016-03-26,51.1,36.3,43.6,0.0,0.0
2016-03-27,49.8,39.7,43.8,0.0,0.0
2016-03-28,58.2,42.6,48.2,0.114,0.0
2016-03-29,51.5,38.9,45.2,0.0,0.0
2016-03-30,53.0,30.0,42.2,0.0,0.0
2016-03-31,69.4,42.9,56.5,0.0,0.0
2016-04-01,73.4,58.6,63.5,0.118,0.0
2016-04-02,58.0,47.3,52.0,0.311,0.0
2016-04-03,46.6,33.4,39.1,0.185,0.083
2016-04-04,52.4,32.7,41.1,0.567,0.276
2016-04-05,40.6,25.7,33.0,0.0,0.028
2016-04-06,46.5,26.0,37.5,0.0,0.0
2016-04-07,56.1,44.7,51.1,0.374,0.0
2016-04-08,48.6,39.8,44.8,0.012,0.0
2016-04-09,42.3,32.9,37.7,0.146,0.0
2016-04-10,48.2,29.8,39.1,0.0,0.0
2016-04-11,60.6,39.7,49.0,0.024,0.0
2016-04-12,55.3,42.6,51.1,0.224,0.0
2016-04-13,52.7,33.5,43.6,0.0,0.0
2016-04-14,56.6,35.2,45.9,0.0,0.0
2016-04-15,58.7,35.2,47.7,0.0,0.0
2016-04-16,62.2,36.4,49.0,0.0,0.0
2016-04-17,67.7,36.6,51.5,0.0,0.0
2016-04-18,74.6,42.7,58.6,0.0,0.0
2016-04-19,67.8,50.0,58.3,0.0,0.0
2016-04-20,63.5,44.2,53.1,0.0,0.0
2016-04-21,70.2,41.4,56.4,0.0,0.0
2016-04-22,76.9,53.2,64.5,0.134,0.0
2016-04-23,67.7,53.6,61.3,0.079,0.0
2016-04-24,64.0,44.9,53.9,0.0,0.0
2016-04-25,66.4,46.5,56.0,0.0,0.0
2016-04-26,74.6,48.4,57.1,0.268,0.0
2016-04-27,57.5,46.1,51.0,0.0,0.0
2016-04-28,55.7,43.6,48.6,0.047,0.0
2016-04-29,53.3,45.2,48.4,0.098,0.0
2016-04-30,59.5,45.0,50.5,0.004,0.0
2016-05-01,49.4,46.9,48.1,0.185,0.0
2016-05-02,58.6,46.2,52.0,0.244,0.0
2016-05-03,53.6,50.1,52.0,0.961,0.0
2016-05-04,51.4,47.6,49.2,0.185,0.0
2016-05-05,54.2,45.9,49.5,0.0,0.0
2016-05-06,52.4,47.2,49.5,0.421,0.0
2016-05-07,57.8,48.2,51.8,0.071,0.0
2016-05-08,63.2,47.1,53.5,0.114,0.0
2016-05-09,69.9,44.1,56.6,0.0,0.0
2016-05-10,61.0,43.0,52.8,0.0,0.0
2016-05-11,70.4,45.2,58.3,0.0,0.0
2016-05-12,73.2,48.3,60.9,0.0,0.0
2016-05-13,63.4,51.8,58.5,0.343,0.0
2016-05-14,69.2,50.6,60.9,0.047,0.0
2016-05-15,56.1,47.4,52.5,0.012,0.0
2016-05-16,64.4,41.2,51.4,0.0,0.0
2016-05-17,63.6,49.0,54.5,0.004,0.0
2016-05-18,64.5,47.2,55.4,0.0,0.0
2016-05-19,67.7,51.6,58.4,0.0,0.0
2016-05-20,72.9,48.4,61.3,0.0,0.0
2016-05-21,60.4,53.2,57.3,0.012,0.0
2016-05-22,66.6,52.3,58.2,0.091,0.0
2016-05-23,72.8,50.6,61.4,0.024,0.0
2016-05-24,72.5,56.8,62.3,0.398,0.0
2016-05-25,85.6,52.4,70.2,0.0,0.0
2016-05-26,86.5,60.6,73.9,0.0,0.0
2016-05-27,84.9,64.6,74.3,0.071,0.0
2016-05-28,87.7,67.8,77.2,0.0,0.0
2016-05-29,85.4,68.1,75.1,0.012,0.0
2016-05-30,79.8,66.8,72.1,0.28,0.0
2016-05-31,82.5,68.4,74.1,0.016,0.0
2016-06-01,79.9,62.9,71.2,0.0,0.0
2016-06-02,73.0,59.7,65.6,0.0,0.0
2016-06-03,67.9,62.3,64.5,0.358,0.0
2016-06-04,79.4,64.1,70.7,0.028,0.0
2016-06-05,71.8,64.7,68.1,0.406,0.0
2016-06-06,81.9,64.5,73.2,0.0,0.0
2016-06-07,82.8,66.8,73.8,0.0,0.0
2016-06-08,68.5,55.4,61.5,0.421,0.0
2016-06-09,71.5,53.5,61.9,0.0,0.0
2016-06-10,75.2,54.5,64.1,0.0,0.0
2016-06-11,86.1,55.0,70.8,0.012,0.0
2016-06-12,80.3,61.5,73.9,0.0,0.0
2016-06-13,75.3,56.9,65.2,0.0,0.0
2016-06-14,79.2,56.7,67.7,0.0,0.0
2016-06-15,83.9,57.1,71.8,0.0,0.0
2016-06-16,74.8,64.9,70.3,0.004,0.0
2016-06-17,76.7,61.2,68.9,0.055,0.0
2016-06-18,83.8,56.8,70.7,0.0,0.0
2016-06-19,85.8,63.3,72.6,0.0,0.0
2016-06-20,84.2,62.0,73.5,0.0,0.0
2016-06-21,87.8,69.5,78.2,0.15,0.0
2016-06-22,86.1,66.8,75.5,0.0,0.0
2016-06-23,81.4,66.4,73.2,0.122,0.0
2016-06-24,79.7,64.4,72.3,0.0,0.0
2016-06-25,81.9,63.0,71.8,0.0,0.0
2016-06-26,85.0,64.1,73.3,0.0,0.0
2016-06-27,82.5,62.3,72.6,0.173,0.0
2016-06-28,74.6,68.6,70.9,0.465,0.0
2016-06-29,82.3,68.2,74.4,0.063,0.0
2016-06-30,83.3,64.7,74.2,0.0,0.0
2016-07-01,79.4,67.0,73.4,0.177,0.0
2016-07-02,78.1,65.1,71.5,0.0,0.0
2016-07-03,81.2,60.7,71.7,0.0,0.0
2016-07-04,82.7,63.3,72.9,0.067,0.0
2016-07-05,86.0,68.1,76.1,0.295,0.0
2016-07-06,89.9,69.5,81.0,0.0,0.0
2016-07-07,90.2,73.3,81.8,0.071,0.0
2016-07-08,86.5,68.6,76.9,0.598,0.0
2016-07-09,73.5,67.2,69.4,0.402,0.0
2016-07-10,80.3,66.7,73.1,0.075,0.0
2016-07-11,77.7,64.1,71.1,0.0,0.0
2016-07-12,80.3,63.2,72.2,0.0,0.0
2016-07-13,83.3,67.6,75.2,0.008,0.0
2016-07-14,87.9,72.8,78.6,0.26,0.0
2016-07-15,89.5,74.0,82.0,0.0,0.0
2016-07-16,88.3,71.8,79.0,0.244,0.0
2016-07-17,89.2,71.9,80.3,0.0,0.0
2016-07-18,93.1,73.4,81.3,0.063,0.0
2016-07-19,83.3,69.5,77.0,0.0,0.0
2016-07-20,82.8,65.0,73.9,0.0,0.0
2016-07-21,87.8,67.4,77.8,0.0,0.0
2016-07-22,94.9,71.5,82.7,0.0,0.0
2016-07-23,94.4,75.7,85.3,0.0,0.0
2016-07-24,91.4,69.2,81.0,0.0,0.0
2016-07-25,92.6,73.7,80.5,0.622,0.0
2016-07-26,90.6,72.0,81.4,0.0,0.0
2016-07-27,88.5,69.6,79.6,0.0,0.0
2016-07-28,89.5,73.8,81.2,0.012,0.0
2016-07-29,83.9,71.0,76.9,0.976,0.0
2016-07-30,82.2,71.7,75.6,0.677,0.0
2016-07-31,76.8,72.2,73.8,0.52,0.0
2016-08-01,76.9,70.4,72.9,0.024,0.0
2016-08-02,75.1,67.6,71.3,0.035,0.0
2016-08-03,76.8,62.4,70.0,0.0,0.0
2016-08-04,78.9,64.0,71.7,0.0,0.0
2016-08-05,80.8,64.1,73.0,0.0,0.0
2016-08-06,86.6,70.9,77.4,0.075,0.0
2016-08-07,86.3,67.7,77.0,0.0,0.0
2016-08-08,85.5,65.7,75.6,0.0,0.0
2016-08-09,84.8,68.1,76.4,0.0,0.0
2016-08-10,84.8,73.3,78.1,0.579,0.0
2016-08-11,89.0,76.0,80.7,0.283,0.0
2016-08-12,93.6,76.5,83.3,0.102,0.0
2016-08-13,92.3,78.5,84.3,0.106,0.0
2016-08-14,92.9,78.8,85.0,0.0,0.0
2016-08-15,89.9,76.9,82.6,0.008,0.0
2016-08-16,84.3,76.2,79.8,0.453,0.0
2016-08-17,85.8,76.3,80.7,0.004,0.0
2016-08-18,84.1,73.5,78.4,0.039,0.0
2016-08-19,83.7,73.6,78.4,0.012,0.0
2016-08-20,82.7,72.6,77.6,0.079,0.0
2016-08-21,84.1,71.3,76.8,0.276,0.0
2016-08-22,78.4,66.4,72.2,0.035,0.0
2016-08-23,80.3,58.8,70.4,0.0,0.0
2016-08-24,84.9,64.0,74.7,0.0,0.0
2016-08-25,85.1,66.4,75.8,0.0,0.0
2016-08-26,90.1,73.7,80.8,0.0,0.0
2016-08-27,85.8,68.8,77.3,0.0,0.0
2016-08-28,85.7,68.8,76.4,0.0,0.0
2016-08-29,90.1,71.5,79.7,0.0,0.0
2016-08-30,83.0,67.4,75.1,0.0,0.0
2016-08-31,85.9,71.1,77.7,0.0,0.0
2016-09-01,78.0,70.4,74.4,0.224,0.0
2016-09-02,79.0,66.1,71.8,0.0,0.0
2016-09-03,73.7,65.6,68.8,0.0,0.0
2016-09-04,78.3,62.4,69.4,0.0,0.0
2016-09-05,82.6,63.2,70.8,0.0,0.0
2016-09-06,79.9,69.5,73.5,0.031,0.0
2016-09-07,81.4,69.5,74.7,0.012,0.0
2016-09-08,86.6,67.2,76.9,0.0,0.0
2016-09-09,89.1,74.1,81.6,0.047,0.0
2016-09-10,89.6,73.9,80.0,0.209,0.0
2016-09-11,80.9,68.9,76.9,0.051,0.0
2016-09-12,75.7,59.1,67.8,0.0,0.0
2016-09-13,81.9,59.7,69.6,0.0,0.0
2016-09-14,89.3,66.4,76.5,0.0,0.0
2016-09-15,72.7,61.3,67.4,0.0,0.0
2016-09-16,71.6,58.7,64.9,0.0,0.0
2016-09-17,76.9,57.4,67.6,0.0,0.0
2016-09-18,83.1,67.5,74.4,0.028,0.0
2016-09-19,72.6,68.9,70.8,0.634,0.0
2016-09-20,79.6,68.2,72.7,0.0,0.0
2016-09-21,81.4,65.4,73.0,0.0,0.0
2016-09-22,80.8,61.3,70.2,0.0,0.0
2016-09-23,84.9,60.0,72.2,0.0,0.0
2016-09-24,70.3,58.4,63.8,0.142,0.0
2016-09-25,68.4,52.2,60.1,0.0,0.0
2016-09-26,70.4,52.4,62.3,0.0,0.0
2016-09-27,72.8,61.2,66.0,0.244,0.0
2016-09-28,71.1,55.2,62.6,0.047,0.0
2016-09-29,64.8,58.2,60.9,0.134,0.0
2016-09-30,59.7,56.6,58.1,0.535,0.0
2016-10-01,63.1,57.2,59.6,0.008,0.0
2016-10-02,63.0,58.1,60.6,0.02,0.0
2016-10-03,71.6,58.7,64.4,0.0,0.0
2016-10-04,66.8,58.5,62.3,0.0,0.0
2016-10-05,65.4,52.7,59.1,0.0,0.0
2016-10-06,70.3,52.5,60.1,0.0,0.0
2016-10-07,71.2,52.1,60.3,0.0,0.0
2016-10-08,68.1,55.1,61.9,0.13,0.0
2016-10-09,62.3,53.6,56.6,0.52,0.0
2016-10-10,61.8,47.5,53.3,0.0,0.0
2016-10-11,60.5,43.5,51.9,0.0,0.0
2016-10-12,64.1,51.0,57.7,0.0,0.0
2016-10-13,67.7,50.8,58.5,0.016,0.0
2016-10-14,61.3,47.0,53.6,0.0,0.0
2016-10-15,62.9,43.3,53.1,0.0,0.0
2016-10-16,70.4,47.8,58.4,0.0,0.0
2016-10-17,78.4,59.3,66.8,0.028,0.0
2016-10-18,80.2,60.5,69.1,0.0,0.0
2016-10-19,82.5,63.6,71.8,0.0,0.0
2016-10-20,69.6,58.2,64.1,0.008,0.0
2016-10-21,69.4,65.2,66.9,0.213,0.0
2016-10-22,63.9,46.7,50.6,1.102,0.0
2016-10-23,60.4,45.2,52.1,0.0,0.0
2016-10-24,60.5,48.1,53.4,0.091,0.0
2016-10-25,52.3,43.1,47.4,0.0,0.0
2016-10-26,50.1,37.7,43.1,0.0,0.0
2016-10-27,56.0,41.7,46.6,0.571,0.0
2016-10-28,56.4,41.6,47.4,0.024,0.0
2016-10-29,63.0,36.7,49.6,0.0,0.0
2016-10-30,73.6,54.8,62.6,0.343,0.0
2016-10-31,53.6,42.0,48.5,0.0,0.0
2016-11-01,57.2,38.9,48.4,0.0,0.0
2016-11-02,68.7,48.3,56.8,0.0,0.0
2016-11-03,69.9,54.1,60.1,0.016,0.0
2016-11-04,58.2,45.6,52.1,0.0,0.0
2016-11-05,62.2,39.5,49.2,0.0,0.0
2016-11-06,55.8,42.9,49.7,0.0,0.0
2016-11-07,52.4,38.6,44.8,0.0,0.0
2016-11-08,64.1,36.4,49.0,0.0,0.0
2016-11-09,57.0,45.7,50.9,0.13,0.0
2016-11-10,55.3,39.8,47.3,0.0,0.0
2016-11-11,59.5,40.4,49.6,0.0,0.0
2016-11-12,49.2,34.5,41.0,0.0,0.0
2016-11-13,59.1,36.1,45.4,0.0,0.0
2016-11-14,60.5,35.4,47.5,0.0,0.0
2016-11-15,48.0,45.1,46.8,0.909,0.0
2016-11-16,60.4,43.2,50.2,0.0,0.0
2016-11-17,60.0,43.9,49.6,0.0,0.0
2016-11-18,62.9,38.8,49.4,0.0,0.0
2016-11-19,60.0,40.7,49.7,0.059,0.0
2016-11-20,45.4,35.9,39.1,0.402,0.248
2016-11-21,39.4,34.4,36.4,0.0,0.0
2016-11-22,40.6,33.4,35.9,0.0,0.0
2016-11-23,44.7,30.8,36.5,0.0,0.0
2016-11-24,51.1,36.4,43.3,0.028,0.0
2016-11-25,53.0,42.4,47.0,0.055,0.0
2016-11-26,50.0,38.5,44.3,0.008,0.0
2016-11-27,48.0,35.0,40.4,0.0,0.0
2016-11-28,50.0,30.3,39.4,0.0,0.0
2016-11-29,57.0,38.9,51.8,0.764,0.0
2016-11-30,56.4,49.6,51.7,0.744,0.0
2016-12-01,58.5,41.6,50.6,0.291,0.0
2016-12-02,49.7,37.4,42.3,0.0,0.0
2016-12-03,45.3,37.4,40.7,0.0,0.0
2016-12-04,44.3,34.8,38.2,0.0,0.0
2016-12-05,47.1,35.6,40.1,0.24,0.055
2016-12-06,44.1,30.6,38.0,0.217,0.0
2016-12-07,44.3,38.3,41.3,0.157,0.0
2016-12-08,44.0,32.0,37.2,0.0,0.0
2016-12-09,38.4,29.2,33.1,0.0,0.0
2016-12-10,34.5,25.8,29.5,0.0,0.0
2016-12-11,34.6,23.4,28.9,0.024,0.165
2016-12-12,46.0,31.5,38.4,0.421,0.0
2016-12-13,40.5,28.7,34.4,0.0,0.0
2016-12-14,41.3,29.6,34.5,0.0,0.0
2016-12-15,31.5,20.4,25.5,0.0,0.028
2016-12-16,26.7,18.3,22.3,0.0,0.0
2016-12-17,35.8,24.7,30.9,0.551,1.984
2016-12-18,55.4,29.8,44.1,0.177,0.0
2016-12-19,29.1,22.8,26.2,0.0,0.0
2016-12-20,31.7,18.8,25.1,0.0,0.0
2016-12-21,41.0,25.9,31.5,0.0,0.0
2016-12-22,45.6,27.3,35.4,0.0,0.0
2016-12-23,44.8,29.9,36.1,0.0,0.0
2016-12-24,42.9,34.4,37.9,0.358,0.0
2016-12-25,48.1,27.6,36.2,0.0,0.0
2016-12-26,47.0,28.8,37.2,0.0,0.0
2016-12-27,57.8,36.3,50.3,0.031,0.0
2016-12-28,40.7,29.6,34.2,0.0,0.0
2016-12-29,43.4,26.5,34.7,0.402,0.0
2016-12-30,40.2,30.3,33.7,0.0,0.0
2016-12-31,41.0,27.4,34.6,0.0,0.0
2017-01-01,45.4,31.1,40.1,0.004,0.0
2017-01-02,39.6,30.5,35.5,0.228,0.0
2017-01-03,43.3,38.5,40.6,0.276,0.0
2017-01-04,49.6,35.2,42.9,0.031,0.0
2017-01-05,33.5,24.9,29.7,0.0,0.0
2017-01-06,33.4,25.1,29.5,0.071,0.496
2017-01-07,24.3,20.5,22.7,0.283,1.984
2017-01-08,22.5,11.7,16.6,0.004,0.028
2017-01-09,19.9,3.2,13.1,0.0,0.0
2017-01-10,38.3,9.0,24.9,0.016,0.0
2017-01-11,50.7,38.3,43.0,0.189,0.0
2017-01-12,60.9,43.5,53.6,0.299,0.0
2017-01-13,59.1,32.0,44.0,0.0,0.0
2017-01-14,32.2,25.2,29.8,0.039,0.248
2017-01-15,39.7,27.0,31.8,0.0,0.0
2017-01-16,41.1,23.5,31.3,0.0,0.0
2017-01-17,41.1,34.9,38.0,0.224,0.0
2017-01-18,39.9,37.6,38.9,0.02,0.0
2017-01-19,49.9,35.5,40.7,0.0,0.0
2017-01-20,44.1,33.0,39.2,0.122,0.0
2017-01-21,53.1,40.3,44.1,0.004,0.0
2017-01-22,48.0,41.1,44.3,0.012,0.0
2017-01-23,42.8,35.2,38.6,0.559,0.0
2017-01-24,38.8,35.1,36.9,1.343,0.0
2017-01-25,51.4,33.1,40.7,0.028,0.0
2017-01-26,50.9,40.0,44.0,0.063,0.0
2017-01-27,43.8,34.9,39.5,0.004,0.0
2017-01-28,39.5,29.7,34.8,0.0,0.0
2017-01-29,43.5,30.8,35.6,0.0,0.0
2017-01-30,37.5,26.5,31.5,0.0,0.0
2017-01-31,33.4,23.1,28.1,0.047,0.331
2017-02-01,47.2,27.2,38.4,0.0,0.0
2017-02-02,43.6,27.9,34.9,0.0,0.0
2017-02-03,34.6,22.0,28.8,0.0,0.0
2017-02-04,34.3,21.3,27.1,0.0,0.0
2017-02-05,44.2,27.3,34.5,0.004,0.0
2017-02-06,46.9,29.5,37.5,0.0,0.0
2017-02-07,40.8,32.6,37.4,0.165,0.0
2017-02-08,59.6,38.3,49.4,0.028,0.0
2017-02-09,39.9,17.9,27.5,0.925,6.421
2017-02-10,28.3,13.6,21.2,0.008,0.055
2017-02-11,41.0,26.9,33.2,0.031,0.22
2017-02-12,36.4,29.7,32.4,0.417,0.524
2017-02-13,36.5,28.4,33.5,0.0,0.0
2017-02-14,38.8,23.5,30.5,0.0,0.0
2017-02-15,45.8,28.5,35.3,0.02,0.0
2017-02-16,35.8,26.7,31.2,0.0,0.0
2017-02-17,41.9,25.3,32.0,0.0,0.0
2017-02-18,59.9,26.9,42.3,0.0,0.0
2017-02-19,65.8,44.1,52.8,0.0,0.0
2017-02-20,51.9,37.1,44.4,0.0,0.0
2017-02-21,44.0,28.2,36.8,0.0,0.0
2017-02-22,55.0,36.7,44.3,0.008,0.0
2017-02-23,64.5,38.2,48.7,0.0,0.0
2017-02-24,67.2,49.9,56.8,0.035,0.0
2017-02-25,57.5,47.5,53.3,0.374,0.0
2017-02-26,45.1,33.5,39.3,0.0,0.0
2017-02-27,53.5,30.7,40.7,0.0,0.0
2017-02-28,58.6,37.1,46.7,0.028,0.0
2017-03-01,71.5,49.5,58.7,0.177,0.0
2017-03-02,61.0,36.3,47.0,0.0,0.0
2017-03-03,39.1,25.7,32.8,0.012,0.0
2017-03-04,31.3,18.1,24.5,0.0,0.0
2017-03-05,36.9,14.6,23.3,0.0,0.0
2017-03-06,39.6,21.9,31.3,0.0,0.0
2017-03-07,53.3,37.9,45.4,0.264,0.0
2017-03-08,58.6,45.4,52.5,0.031,0.0
2017-03-09,57.4,46.9,51.9,0.0,0.0
2017-03-10,45.4,26.2,36.0,0.331,2.26
2017-03-11,31.1,17.5,23.4,0.0,0.0
2017-03-12,33.2,19.0,24.8,0.0,0.0
2017-03-13,32.5,19.2,26.0,0.004,0.028
2017-03-14,32.4,22.1,29.0,1.839,12.126
2017-03-15,26.0,17.5,22.3,0.024,0.165
2017-03-16,35.0,19.0,26.3,0.0,0.0
2017-03-17,39.7,20.3,29.5,0.0,0.0
2017-03-18,36.5,18.7,30.8,0.098,0.055
2017-03-19,41.5,29.9,34.9,0.0,0.0
2017-03-20,51.4,25.1,37.3,0.0,0.0
2017-03-21,57.3,35.6,45.7,0.0,0.0
2017-03-22,40.0,23.6,32.5,0.0,0.0
2017-03-23,42.4,19.9,30.1,0.0,0.0
2017-03-24,54.3,28.3,41.2,0.0,0.0
2017-03-25,60.5,41.2,48.7,0.071,0.0
2017-03-26,44.1,36.7,40.2,0.012,0.0
2017-03-27,54.4,39.5,45.0,0.374,0.0
2017-03-28,49.1,40.3,44.6,0.484,0.0
2017-03-29,58.4,39.6,48.2,0.008,0.0
2017-03-30,50.2,32.3,41.2,0.004,0.0
2017-03-31,42.1,37.5,39.9,1.067,0.0
2017-04-01,47.8,37.3,41.7,0.043,0.0
2017-04-02,60.0,35.6,47.5,0.0,0.0
2017-04-03,59.3,35.8,48.0,0.0,0.0
2017-04-04,54.3,45.4,49.7,0.705,0.0
2017-04-05,62.6,43.8,50.4,0.0,0.0
2017-04-06,57.4,40.0,45.9,1.0,0.0
2017-04-07,49.7,39.7,45.5,0.031,0.0
2017-04-08,55.8,36.9,45.0,0.0,0.0
2017-04-09,63.5,35.6,49.5,0.0,0.0
2017-04-10,70.8,42.7,57.9,0.0,0.0
2017-04-11,74.8,53.5,63.3,0.0,0.0
2017-04-12,72.8,51.6,62.2,0.016,0.0
2017-04-13,63.0,44.3,53.5,0.0,0.0
2017-04-14,60.7,41.5,50.6,0.0,0.0
2017-04-15,58.6,42.0,52.3,0.024,0.0
2017-04-16,82.1,56.7,68.4,0.02,0.0
2017-04-17,70.8,56.8,64.7,0.004,0.0
2017-04-18,62.9,46.0,52.7,0.0,0.0
2017-04-19,49.5,43.9,47.1,0.047,0.0
2017-04-20,65.2,48.7,54.8,0.094,0.0
2017-04-21,56.8,48.4,51.5,0.24,0.0
2017-04-22,55.3,48.9,51.9,0.122,0.0
2017-04-23,62.5,42.9,51.4,0.0,0.0
2017-04-24,55.2,45.5,51.0,0.012,0.0
2017-04-25,53.3,49.4,51.4,0.441,0.0
2017-04-26,62.1,51.7,56.7,0.232,0.0
2017-04-27,66.7,54.4,59.2,0.0,0.0
2017-04-28,78.7,54.0,65.9,0.008,0.0
2017-04-29,82.0,58.9,70.1,0.35,0.0
2017-04-30,65.3,50.6,57.8,0.028,0.0
2017-05-01,72.4,51.0,60.6,0.02,0.0
2017-05-02,73.2,58.5,67.7,0.028,0.0
2017-05-03,61.2,51.0,57.4,0.0,0.0
2017-05-04,59.4,43.7,52.0,0.0,0.0
2017-05-05,61.7,50.6,55.2,1.28,0.0
2017-05-06,65.8,52.9,60.3,0.177,0.0
2017-05-07,56.4,47.2,51.7,0.016,0.0
2017-05-08,56.8,42.9,50.1,0.0,0.0
2017-05-09,60.2,44.1,51.6,0.008,0.0
2017-05-10,62.4,46.4,53.4,0.0,0.0
2017-05-11,60.4,46.3,53.0,0.0,0.0
2017-05-12,57.8,45.4,52.0,0.0,0.0
2017-05-13,50.9,47.5,49.6,1.323,0.0
2017-05-14,64.7,46.1,54.6,0.193,0.0
2017-05-15,65.7,50.4,57.9,0.0,0.0
2017-05-16,75.7,49.6,63.4,0.0,0.0
2017-05-17,87.2,55.5,72.3,0.0,0.0
2017-05-18,89.2,68.6,78.9,0.0,0.0
2017-05-19,85.4,67.5,77.6,0.039,0.0
2017-05-20,64.2,54.1,59.5,0.008,0.0
2017-05-21,63.3,50.5,57.3,0.0,0.0
2017-05-22,60.3,54.4,57.2,0.63,0.0
2017-05-23,69.0,58.1,62.2,0.0,0.0
2017-05-24,67.0,57.0,60.1,0.071,0.0
2017-05-25,61.2,54.3,57.3,0.689,0.0
2017-05-26,72.4,54.9,63.4,0.256,0.0
2017-05-27,71.1,56.8,64.0,0.008,0.0
2017-05-28,67.7,55.8,61.7,0.028,0.0
2017-05-29,59.7,55.6,57.8,0.22,0.0
2017-05-30,59.5,55.4,57.6,0.028,0.0
2017-05-31,73.4,57.5,63.5,0.15,0.0
2017-06-01,76.7,57.2,66.9,0.0,0.0
2017-06-02,73.7,54.4,64.6,0.012,0.0
2017-06-03,70.6,52.0,60.8,0.071,0.0
2017-06-04,70.1,51.4,61.0,0.02,0.0
2017-06-05,72.0,57.9,64.1,0.146,0.0
2017-06-06,60.1,52.9,56.9,0.039,0.0
2017-06-07,65.6,51.2,58.2,0.016,0.0
2017-06-08,68.1,50.9,59.4,0.0,0.0
2017-06-09,76.4,50.5,65.0,0.031,0.0
2017-06-10,82.7,58.4,72.0,0.0,0.0
2017-06-11,89.7,66.6,78.7,0.0,0.0
2017-06-12,92.4,66.9,79.9,0.0,0.0
2017-06-13,93.7,70.1,81.5,0.039,0.0
2017-06-14,79.4,65.8,73.2,0.173,0.0
2017-06-15,72.0,62.0,66.6,0.0,0.0
2017-06-16,72.2,61.4,66.1,0.051,0.0
2017-06-17,72.7,65.3,68.2,0.311,0.0
2017-06-18,81.6,67.8,75.3,0.531,0.0
2017-06-19,83.5,70.7,76.9,0.791,0.0
2017-06-20,82.6,68.2,74.7,0.059,0.0
2017-06-21,80.5,67.7,74.1,0.11,0.0
2017-06-22,79.0,62.5,72.4,0.0,0.0
2017-06-23,83.8,72.2,78.0,0.098,0.0
2017-06-24,83.4,71.6,77.4,0.846,0.0
2017-06-25,80.4,64.5,74.0,0.004,0.0
2017-06-26,77.5,63.2,70.2,0.0,0.0
2017-06-27,73.1,61.7,67.0,0.362,0.0
2017-06-28,76.9,58.3,68.0,0.0,0.0
2017-06-29,81.9,62.4,72.4,0.004,0.0
2017-06-30,87.7,72.1,78.6,0.031,0.0
2017-07-01,81.0,71.9,76.9,0.087,0.0
2017-07-02,87.2,69.8,77.7,0.012,0.0
2017-07-03,88.6,67.7,78.0,0.11,0.0
2017-07-04,82.0,68.9,76.0,0.0,0.0
2017-07-05,83.5,68.4,74.9,0.0,0.0
2017-07-06,75.6,68.5,71.5,0.102,0.0
2017-07-07,78.7,67.6,71.7,2.354,0.0
2017-07-08,85.6,68.4,75.9,0.0,0.0
2017-07-09,81.0,63.9,72.9,0.0,0.0
2017-07-10,80.2,63.1,73.1,0.047,0.0
2017-07-11,83.3,70.1,76.9,0.177,0.0
2017-07-12,87.5,73.0,79.4,0.252,0.0
2017-07-13,91.6,73.9,80.4,0.126,0.0
2017-07-14,74.2,65.8,69.6,0.303,0.0
2017-07-15,83.5,68.8,74.8,0.012,0.0
2017-07-16,83.0,66.5,74.6,0.0,0.0
2017-07-17,82.0,69.3,75.7,0.004,0.0
2017-07-18,83.7,69.8,76.5,0.043,0.0
2017-07-19,89.8,72.3,80.8,0.0,0.0
2017-07-20,93.1,72.9,82.1,0.004,0.0
2017-07-21,92.0,74.6,81.7,0.0,0.0
2017-07-22,86.4,73.4,79.8,0.165,0.0
2017-07-23,77.1,73.0,74.7,0.768,0.0
2017-07-24,72.8,63.8,69.3,1.48,0.0
2017-07-25,70.8,62.6,66.2,0.874,0.0
2017-07-26,73.5,64.6,69.1,0.0,0.0
2017-07-27,76.7,63.3,70.5,0.047,0.0
2017-07-28,80.9,68.1,74.4,0.035,0.0
2017-07-29,74.9,63.2,70.0,0.256,0.0
2017-07-30,79.2,60.6,69.8,0.0,0.0
2017-07-31,84.2,60.0,73.1,0.0,0.0
2017-08-01,84.7,66.1,76.2,0.0,0.0
2017-08-02,81.3,69.7,73.2,0.37,0.0
2017-08-03,81.7,67.1,73.5,0.0,0.0
2017-08-04,79.0,69.3,74.3,0.516,0.0
2017-08-05,79.7,68.5,73.8,0.52,0.0
2017-08-06,78.7,62.3,69.8,0.0,0.0
2017-08-07,68.5,63.1,66.2,1.276,0.0
2017-08-08,75.8,64.8,69.9,0.012,0.0
2017-08-09,80.2,61.3,71.5,0.0,0.0
2017-08-10,81.7,62.4,72.1,0.0,0.0
2017-08-11,77.8,64.0,71.0,0.012,0.0
2017-08-12,75.1,66.7,71.4,0.457,0.0
2017-08-13,83.0,67.7,74.4,0.0,0.0
2017-08-14,78.6,66.3,72.9,0.012,0.0
2017-08-15,75.7,70.2,72.5,0.488,0.0
2017-08-16,85.3,67.9,76.0,0.0,0.0
2017-08-17,78.3,66.8,72.3,0.0,0.0
2017-08-18,83.1,73.1,76.3,0.5,0.0
2017-08-19,85.1,72.1,77.9,0.012,0.0
2017-08-20,82.6,68.6,74.9,0.0,0.0
2017-08-21,84.3,65.4,75.1,0.0,0.0
2017-08-22,88.8,71.7,79.4,0.02,0.0
2017-08-23,82.1,68.3,75.5,0.315,0.0
2017-08-24,79.7,64.4,71.0,0.0,0.0
2017-08-25,76.3,62.2,69.3,0.004,0.0
2017-08-26,75.0,62.2,67.7,0.0,0.0
2017-08-27,74.8,59.9,66.7,0.0,0.0
2017-08-28,73.9,61.9,67.0,0.0,0.0
2017-08-29,69.1,62.5,64.8,0.205,0.0
2017-08-30,77.4,60.6,68.0,0.114,0.0
2017-08-31,80.5,62.7,70.5,0.0,0.0
2017-09-01,70.2,54.6,62.4,0.0,0.0
2017-09-02,66.6,54.1,60.3,0.425,0.0
2017-09-03,68.7,59.0,63.8,0.642,0.0
2017-09-04,80.9,59.5,69.3,0.0,0.0
2017-09-05,83.8,66.8,74.2,0.004,0.0
2017-09-06,69.2,62.9,66.2,0.811,0.0
2017-09-07,71.9,61.0,65.5,0.134,0.0
2017-09-08,70.9,56.2,63.3,0.004,0.0
2017-09-09,69.5,54.7,61.1,0.0,0.0
2017-09-10,70.2,55.5,62.2,0.0,0.0
2017-09-11,76.1,53.9,64.4,0.0,0.0
2017-09-12,78.6,57.5,66.4,0.0,0.0
2017-09-13,79.8,57.4,68.4,0.0,0.0
2017-09-14,78.0,65.7,71.5,0.051,0.0
2017-09-15,78.7,63.2,71.1,0.012,0.0
2017-09-16,78.6,66.2,71.6,0.028,0.0
2017-09-17,78.5,67.1,71.3,0.028,0.0
2017-09-18,75.6,66.4,70.2,0.012,0.0
2017-09-19,77.8,67.3,71.6,0.02,0.0
2017-09-20,77.6,67.8,72.7,0.0,0.0
2017-09-21,80.2,68.6,73.7,0.0,0.0
2017-09-22,79.1,64.9,71.5,0.0,0.0
2017-09-23,83.8,65.8,73.7,0.0,0.0
2017-09-24,88.8,66.4,75.8,0.0,0.0
2017-09-25,85.6,68.6,75.7,0.0,0.0
2017-09-26,81.7,67.9,72.2,0.0,0.0
2017-09-27,84.2,69.4,74.7,0.016,0.0
2017-09-28,76.7,61.1,70.8,0.0,0.0
2017-09-29,67.6,54.6,61.2,0.0,0.0
2017-09-30,63.3,54.3,59.2,0.02,0.0
2017-10-01,67.0,50.3,57.5,0.0,0.0
2017-10-02,70.2,51.4,59.5,0.0,0.0
2017-10-03,66.8,53.1,60.5,0.0,0.0
2017-10-04,76.0,52.1,63.3,0.0,0.0
2017-10-05,85.0,62.1,70.6,0.087,0.0
2017-10-06,81.4,62.6,69.8,0.008,0.0
2017-10-07,77.5,62.4,69.9,0.004,0.0
2017-10-08,77.3,70.4,73.3,0.228,0.0
2017-10-09,74.0,71.2,72.6,0.717,0.0
2017-10-10,79.3,62.7,70.8,0.0,0.0
2017-10-11,72.3,63.0,66.7,0.067,0.0
2017-10-12,62.3,56.9,59.9,0.063,0.0
2017-10-13,64.0,54.7,59.5,0.012,0.0
2017-10-14,72.1,61.1,65.3,0.024,0.0
2017-10-15,74.7,63.6,68.0,0.016,0.0
2017-10-16,69.3,49.0,58.6,0.118,0.0
2017-10-17,57.8,43.7,50.3,0.0,0.0
2017-10-18,70.0,47.3,57.1,0.0,0.0
2017-10-19,70.2,50.7,59.5,0.0,0.0
2017-10-20,71.3,55.9,62.0,0.0,0.0
2017-10-21,75.0,49.6,60.5,0.0,0.0
2017-10-22,70.4,51.2,60.2,0.0,0.0
2017-10-23,70.9,56.0,64.1,0.016,0.0
2017-10-24,74.1,63.8,67.8,0.988,0.0
2017-10-25,65.8,57.0,61.1,0.004,0.0
2017-10-26,57.6,50.2,54.8,0.142,0.0
2017-10-27,61.5,44.3,52.3,0.0,0.0
2017-10-28,67.3,48.4,58.5,0.0,0.0
2017-10-29,64.7,61.0,63.1,2.114,0.0
2017-10-30,62.6,47.8,53.6,0.134,0.0
2017-10-31,55.5,45.0,50.1,0.0,0.0
2017-11-01,60.1,40.7,49.9,0.0,0.0
2017-11-02,69.0,53.3,61.9,0.0,0.0
2017-11-03,73.9,52.5,62.7,0.0,0.0
2017-11-04,54.5,46.0,50.0,0.0,0.0
2017-11-05,61.2,52.2,56.8,0.083,0.0
2017-11-06,63.9,47.7,59.6,0.083,0.0
2017-11-07,50.0,40.4,44.7,0.409,0.0
2017-11-08,48.2,39.0,43.2,0.067,0.0
2017-11-09,52.6,39.9,46.7,0.0,0.0
2017-11-10,51.5,25.9,37.7,0.0,0.0
2017-11-11,37.6,25.2,30.8,0.0,0.0
2017-11-12,45.1,30.2,37.5,0.0,0.0
2017-11-13,45.1,37.1,41.3,0.13,0.0
2017-11-14,46.7,35.0,40.2,0.0,0.0
2017-11-15,48.2,35.4,42.4,0.0,0.0
2017-11-16,55.6,44.0,50.1,0.157,0.0
2017-11-17,46.9,35.7,41.8,0.0,0.0
2017-11-18,49.8,32.4,42.2,0.122,0.0
2017-11-19,57.4,41.9,50.2,0.315,0.0
2017-11-20,46.6,34.5,40.4,0.0,0.0
2017-11-21,56.0,38.9,46.1,0.0,0.0
2017-11-22,51.4,36.1,45.9,0.169,0.0
2017-11-23,42.4,30.5,35.5,0.0,0.0
2017-11-24,48.1,30.4,38.7,0.0,0.0
2017-11-25,54.8,35.2,44.3,0.0,0.0
2017-11-26,48.5,36.3,43.5,0.0,0.0
2017-11-27,49.8,36.5,41.4,0.0,0.0
2017-11-28,51.5,31.3,41.8,0.0,0.0
2017-11-29,60.4,40.3,49.2,0.0,0.0
2017-11-30,51.5,34.0,42.2,0.0,0.0
2017-12-01,51.6,37.2,45.3,0.024,0.0
2017-12-02,46.1,32.5,39.4,0.0,0.0
2017-12-03,50.5,35.0,41.6,0.0,0.0
2017-12-04,48.6,31.5,40.1,0.0,0.0
2017-12-05,59.9,48.3,53.5,0.394,0.0
2017-12-06,56.2,39.3,45.4,0.059,0.0
2017-12-07,43.9,35.1,39.2,0.0,0.0
2017-12-08,37.9,31.3,35.4,0.0,0.0
2017-12-09,35.0,30.9,33.2,0.382,2.673
2017-12-10,36.7,26.8,31.7,0.012,0.083
2017-12-11,41.3,30.4,34.5,0.008,0.055
2017-12-12,49.3,30.7,41.1,0.024,0.0
2017-12-13,30.8,20.0,25.4,0.0,0.0
2017-12-14,33.3,23.1,27.3,0.071,0.469
2017-12-15,28.1,20.4,24.2,0.083,0.579
2017-12-16,40.8,23.1,30.8,0.0,0.0
2017-12-17,36.1,28.7,32.4,0.0,0.0
2017-12-18,46.8,31.4,38.0,0.031,0.0
2017-12-19,53.2,38.9,45.8,0.0,0.0
2017-12-20,47.6,31.9,41.0,0.0,0.0
2017-12-21,39.2,28.9,33.3,0.0,0.0
2017-12-22,46.8,29.4,37.1,0.0,0.0
2017-12-23,55.8,37.8,44.6,0.681,0.0
2017-12-24,41.5,33.6,37.0,0.039,0.248
2017-12-25,38.4,26.7,34.2,0.232,0.028
2017-12-26,28.0,21.8,25.1,0.0,0.0
2017-12-27,25.3,18.4,21.8,0.0,0.0
2017-12-28,19.2,13.3,16.1,0.0,0.0
2017-12-29,24.3,12.7,17.1,0.0,0.0
2017-12-30,25.6,14.9,19.8,0.039,0.276
2017-12-31,19.1,9.5,15.0,0.0,0.0
2018-01-01,20.3,6.6,12.2,0.0,0.0
2018-01-02,26.8,11.4,18.0,0.0,0.0
2018-01-03,28.1,10.0,19.7,0.0,0.0
2018-01-04,24.4,19.2,23.0,0.791,5.539
2018-01-05,17.6,6.9,10.4,0.0,0.0
2018-01-06,9.1,3.8,6.1,0.0,0.0
2018-01-07,14.4,-4.9,5.6,0.0,0.0
2018-01-08,29.2,13.6,21.3,0.039,0.248
2018-01-09,38.8,23.6,31.7,0.0,0.0
2018-01-10,36.2,12.3,25.1,0.0,0.0
2018-01-11,52.4,32.3,40.2,0.0,0.0
2018-01-12,58.2,45.4,53.3,1.138,0.0
2018-01-13,57.0,19.0,36.8,0.346,0.0
2018-01-14,25.7,14.8,18.8,0.0,0.0
2018-01-15,29.0,15.7,22.3,0.0,0.0
2018-01-16,39.7,24.1,30.2,0.0,0.0
2018-01-17,34.6,21.3,31.2,0.256,1.047
2018-01-18,32.7,16.7,23.8,0.0,0.0
2018-01-19,39.3,21.9,29.4,0.0,0.0
2018-01-20,49.3,30.6,39.1,0.0,0.0
2018-01-21,50.5,29.8,39.8,0.0,0.0
2018-01-22,48.0,39.6,43.3,0.02,0.0
2018-01-23,56.9,39.9,48.2,0.295,0.0
2018-01-24,40.6,27.1,36.7,0.0,0.0
2018-01-25,34.6,21.8,26.9,0.0,0.0
2018-01-26,35.0,19.9,27.5,0.0,0.0
2018-01-27,52.9,28.7,40.9,0.0,0.0
2018-01-28,51.3,41.5,47.2,0.161,0.0
2018-01-29,44.0,35.2,39.3,0.02,0.0
2018-01-30,38.8,23.8,31.8,0.079,0.524
2018-01-31,32.5,17.8,24.9,0.0,0.0
2018-02-01,46.2,29.4,37.1,0.004,0.0
2018-02-02,37.4,16.9,27.9,0.213,0.165
2018-02-03,32.3,16.3,23.1,0.0,0.0
2018-02-04,43.3,26.6,35.2,0.681,0.0
2018-02-05,38.5,21.7,30.8,0.059,0.0
2018-02-06,38.0,20.7,28.5,0.0,0.0
2018-02-07,48.3,25.7,33.5,0.984,0.772
2018-02-08,34.3,23.2,28.3,0.004,0.0
2018-02-09,36.1,19.5,28.6,0.004,0.028
2018-02-10,49.1,35.0,41.7,0.421,0.0
2018-02-11,59.8,39.9,48.6,1.35,0.0
2018-02-12,59.5,31.9,43.9,0.02,0.0
2018-02-13,36.1,23.7,29.5,0.0,0.0
2018-02-14,51.5,32.7,40.2,0.031,0.0
2018-02-15,60.6,41.7,49.3,0.287,0.0
2018-02-16,56.7,36.7,49.5,0.382,0.0
2018-02-17,38.1,24.6,32.6,0.382,2.48
2018-02-18,42.7,29.0,35.1,0.098,0.606
2018-02-19,48.7,27.1,39.5,0.091,0.0
2018-02-20,66.2,46.6,54.2,0.012,0.0
2018-02-21,73.8,54.8,62.2,0.449,0.0
2018-02-22,53.3,36.9,43.0,0.291,0.0
2018-02-23,40.2,35.7,37.6,0.276,0.0
2018-02-24,53.6,40.5,45.9,0.126,0.0
2018-02-25,43.8,40.8,42.3,0.752,0.0
2018-02-26,52.6,37.8,44.6,0.0,0.0
2018-02-27,54.7,32.0,42.4,0.0,0.0
2018-02-28,58.9,35.8,46.5,0.0,0.0
2018-03-01,60.2,39.2,49.4,0.217,0.0
2018-03-02,44.3,35.6,38.2,1.957,5.65
2018-03-03,46.8,37.2,40.7,0.0,0.0
2018-03-04,44.5,32.0,39.1,0.0,0.0
2018-03-05,42.2,29.0,35.8,0.0,0.0
2018-03-06,43.8,28.4,36.4,0.008,0.0
2018-03-07,37.6,33.4,34.6,1.346,7.717
2018-03-08,40.3,29.3,34.8,0.0,0.0
2018-03-09,42.3,25.3,33.8,0.0,0.0
2018-03-10,41.1,27.1,34.5,0.0,0.0
2018-03-11,43.8,26.2,34.8,0.0,0.0
2018-03-12,43.6,26.6,35.4,0.043,0.0
2018-03-13,41.8,31.4,36.0,0.323,2.012
2018-03-14,41.1,26.1,33.2,0.055,0.386
2018-03-15,45.2,29.1,36.4,0.0,0.0
2018-03-16,38.2,28.0,33.0,0.0,0.0
2018-03-17,49.1,24.5,35.5,0.0,0.0
2018-03-18,41.9,22.9,33.1,0.0,0.0
2018-03-19,45.1,27.4,35.6,0.0,0.0
2018-03-20,36.3,25.5,32.1,0.02,0.138
2018-03-21,36.9,32.5,34.1,0.949,6.642
2018-03-22,43.1,32.0,36.5,0.122,0.854
2018-03-23,44.3,27.3,36.2,0.0,0.0
2018-03-24,48.3,28.5,38.7,0.0,0.0
2018-03-25,45.4,29.2,37.0,0.016,0.055
2018-03-26,46.8,28.3,36.1,0.0,0.0
2018-03-27,42.0,26.3,35.6,0.008,0.0
2018-03-28,48.4,36.9,42.1,0.146,0.0
2018-03-29,53.6,44.6,47.9,0.059,0.0
2018-03-30,62.1,42.7,52.8,0.154,0.0
2018-03-31,53.0,33.7,43.2,0.0,0.0
2018-04-01,57.7,39.2,47.8,0.0,0.0
2018-04-02,42.5,30.1,35.2,0.508,3.583
2018-04-03,42.3,27.8,36.8,0.335,0.0
2018-04-04,68.5,39.2,48.5,0.055,0.0
2018-04-05,46.2,30.9,37.9,0.0,0.0
2018-04-06,57.7,30.2,42.7,0.083,0.22
2018-04-07,47.8,37.8,42.7,0.004,0.0
2018-04-08,44.2,29.7,36.8,0.0,0.0
2018-04-09,45.4,28.2,36.3,0.0,0.0
2018-04-10,48.4,35.3,41.0,0.055,0.0
2018-04-11,47.8,29.0,39.8,0.004,0.0
2018-04-12,56.6,39.0,48.7,0.012,0.0
2018-04-13,79.0,55.3,65.9,0.012,0.0
2018-04-14,76.1,47.1,63.1,0.0,0.0
2018-04-15,44.8,37.1,41.3,0.232,0.0
2018-04-16,61.1,38.2,48.7,1.799,0.0
2018-04-17,48.1,37.4,42.4,0.008,0.0
2018-04-18,54.5,33.5,43.4,0.0,0.0
2018-04-19,46.0,38.0,43.5,0.272,0.0
2018-04-20,52.3,33.3,41.7,0.0,0.0
2018-04-21,59.7,34.8,46.9,0.0,0.0
2018-04-22,63.1,35.9,49.4,0.0,0.0
2018-04-23,62.2,38.5,48.8,0.0,0.0
2018-04-24,59.5,42.0,51.4,0.087,0.0
2018-04-25,58.6,49.8,54.1,0.795,0.0
2018-04-26,69.1,50.4,58.5,0.047,0.0
2018-04-27,55.4,46.9,51.6,0.157,0.0
2018-04-28,64.3,44.4,52.1,0.118,0.0
2018-04-29,59.0,46.1,51.1,0.067,0.0
2018-04-30,50.6,42.5,46.7,0.039,0.0
2018-05-01,75.2,42.2,58.8,0.0,0.0
2018-05-02,82.9,54.3,69.5,0.0,0.0
2018-05-03,87.6,60.2,73.3,0.0,0.0
2018-05-04,82.9,60.6,72.9,0.0,0.0
2018-05-05,73.9,57.5,65.5,0.0,0.0
2018-05-06,64.0,54.7,59.8,0.031,0.0
2018-05-07,71.3,52.0,60.4,0.004,0.0
2018-05-08,69.0,49.4,57.8,0.0,0.0
2018-05-09,70.3,48.7,58.5,0.0,0.0
2018-05-10,66.6,50.4,57.5,0.079,0.0
2018-05-11,70.2,58.2,63.5,0.0,0.0
2018-05-12,62.1,51.4,56.5,0.323,0.0
2018-05-13,55.0,51.5,53.1,0.248,0.0
2018-05-14,66.0,51.6,57.7,0.201,0.0
2018-05-15,86.5,58.6,71.1,0.114,0.0
2018-05-16,64.7,57.3,60.6,0.445,0.0
2018-05-17,68.8,55.4,61.0,0.634,0.0
2018-05-18,62.5,54.7,60.2,0.0,0.0
2018-05-19,58.6,51.4,54.4,0.657,0.0
2018-05-20,80.8,59.3,70.1,0.102,0.0
2018-05-21,74.5,54.8,64.4,0.0,0.0
2018-05-22,67.3,55.4,59.6,0.181,0.0
2018-05-23,78.7,54.6,67.2,0.185,0.0
2018-05-24,78.9,61.1,69.4,0.0,0.0
2018-05-25,84.4,61.0,72.8,0.0,0.0
2018-05-26,85.9,67.4,75.0,0.154,0.0
2018-05-27,71.1,56.3,62.1,0.665,0.0
2018-05-28,68.8,55.9,60.0,0.0,0.0
2018-05-29,85.1,62.2,72.4,0.0,0.0
2018-05-30,73.1,58.3,65.6,0.0,0.0
2018-05-31,67.0,61.0,64.6,0.138,0.0
2018-06-01,78.5,63.6,69.0,0.299,0.0
2018-06-02,82.9,65.9,74.2,0.094,0.0
2018-06-03,67.6,53.6,61.0,0.398,0.0
2018-06-04,69.7,53.0,59.6,0.272,0.0
2018-06-05,72.7,54.1,64.6,0.016,0.0
2018-06-06,68.4,56.6,62.1,0.024,0.0
2018-06-07,66.3,57.1,61.8,0.008,0.0
2018-06-08,79.2,56.2,68.7,0.02,0.0
2018-06-09,79.1,63.2,70.5,0.02,0.0
2018-06-10,67.8,59.2,63.8,0.146,0.0
2018-06-11,68.9,56.8,61.8,0.067,0.0
2018-06-12,69.6,52.7,62.2,0.0,0.0
2018-06-13,74.8,60.0,67.9,0.079,0.0
2018-06-14,80.7,65.1,73.1,0.004,0.0
2018-06-15,77.1,59.8,67.2,0.0,0.0
2018-06-16,82.3,57.7,70.3,0.0,0.0
2018-06-17,85.5,61.3,73.6,0.0,0.0
2018-06-18,89.5,67.6,79.2,0.02,0.0
2018-06-19,87.3,69.3,79.4,0.157,0.0
2018-06-20,78.1,65.3,72.0,0.016,0.0
2018-06-21,83.0,67.8,73.5,0.354,0.0
2018-06-22,73.5,64.9,68.5,0.0,0.0
2018-06-23,71.3,60.4,65.7,0.433,0.0
2018-06-24,81.1,63.1,72.6,0.169,0.0
2018-06-25,79.4,63.8,72.0,0.0,0.0
2018-06-26,73.0,60.4,67.4,0.0,0.0
2018-06-27,73.1,62.2,68.2,0.256,0.0
2018-06-28,83.1,68.6,74.2,0.693,0.0
2018-06-29,89.1,67.6,77.9,0.0,0.0
2018-06-30,89.1,66.3,77.8,0.0,0.0
2018-07-01,91.8,71.8,81.7,0.0,0.0
2018-07-02,91.0,71.3,80.0,0.0,0.0
2018-07-03,88.5,73.8,80.1,0.024,0.0
2018-07-04,84.5,74.9,78.3,0.409,0.0
2018-07-05,84.9,74.2,79.1,0.004,0.0
2018-07-06,79.1,70.6,76.6,0.24,0.0
2018-07-07,75.6,62.1,68.4,0.0,0.0
2018-07-08,79.0,59.3,69.6,0.0,0.0
2018-07-09,84.0,62.4,72.8,0.0,0.0
2018-07-10,88.8,66.4,78.0,0.035,0.0
2018-07-11,83.9,69.0,76.1,0.055,0.0
2018-07-12,81.9,67.8,73.6,0.0,0.0
2018-07-13,80.0,64.9,73.2,0.0,0.0
2018-07-14,88.7,67.0,77.8,0.0,0.0
2018-07-15,83.8,69.0,76.2,0.421,0.0
2018-07-16,88.2,72.1,80.1,0.016,0.0
2018-07-17,86.6,73.3,77.8,1.492,0.0
2018-07-18,84.9,66.4,75.6,0.0,0.0
2018-07-19,79.7,64.0,71.9,0.0,0.0
2018-07-20,78.9,64.1,71.5,0.0,0.0
2018-07-21,76.0,65.2,70.1,0.457,0.0
2018-07-22,80.3,69.2,74.7,0.906,0.0
2018-07-23,78.6,72.3,75.0,0.594,0.0
2018-07-24,80.2,72.8,76.1,0.323,0.0
2018-07-25,75.7,71.6,73.8,1.008,0.0
2018-07-26,84.5,71.0,76.6,0.071,0.0
2018-07-27,84.4,69.6,77.3,0.157,0.0
2018-07-28,82.9,70.3,76.1,0.098,0.0
2018-07-29,82.1,67.6,74.9,0.0,0.0
2018-07-30,79.1,66.5,73.1,0.035,0.0
2018-07-31,78.3,66.8,73.0,0.0,0.0
2018-08-01,84.4,72.7,77.5,0.276,0.0
2018-08-02,83.6,74.4,78.5,0.232,0.0
2018-08-03,83.7,73.2,77.5,0.201,0.0
2018-08-04,86.1,71.9,77.2,1.165,0.0
2018-08-05,89.9,70.4,79.9,0.0,0.0
2018-08-06,90.9,72.8,81.9,0.0,0.0
2018-08-07,86.8,74.8,80.0,0.067,0.0
2018-08-08,86.7,72.6,79.2,0.28,0.0
2018-08-09,85.7,74.0,79.7,0.067,0.0
2018-08-10,86.4,68.4,77.7,0.008,0.0
2018-08-11,77.5,72.3,75.3,0.492,0.0
2018-08-12,79.7,71.1,74.5,0.39,0.0
2018-08-13,76.4,70.3,72.6,0.709,0.0
2018-08-14,80.0,67.1,73.2,0.134,0.0
2018-08-15,87.2,69.2,77.7,0.004,0.0
2018-08-16,89.5,71.5,80.4,0.0,0.0
2018-08-17,83.6,73.3,78.8,0.232,0.0
2018-08-18,84.3,71.0,77.1,0.52,0.0
2018-08-19,71.2,68.8,69.8,0.799,0.0
2018-08-20,74.4,64.7,69.5,0.047,0.0
2018-08-21,74.4,66.3,70.8,0.126,0.0
2018-08-22,82.7,71.1,75.7,0.445,0.0
2018-08-23,75.9,65.6,70.5,0.039,0.0
2018-08-24,81.0,60.3,70.5,0.0,0.0
2018-08-25,76.8,63.5,70.5,0.0,0.0
2018-08-26,83.3,62.9,73.3,0.008,0.0
2018-08-27,86.4,69.5,77.9,0.0,0.0
2018-08-28,93.7,74.3,83.4,0.0,0.0
2018-08-29,92.8,76.0,84.0,0.0,0.0
2018-08-30,87.8,76.4,81.7,0.008,0.0
2018-08-31,76.1,68.8,73.0,0.087,0.0
2018-09-01,76.6,67.2,70.9,0.087,0.0
2018-09-02,78.6,65.4,72.6,0.0,0.0
2018-09-03,86.5,73.1,79.0,0.008,0.0
2018-09-04,89.0,75.1,81.8,0.0,0.0
2018-09-05,84.8,75.3,79.4,0.0,0.0
2018-09-06,90.4,74.6,80.5,0.102,0.0
2018-09-07,76.6,69.3,73.7,0.236,0.0
2018-09-08,70.0,60.2,66.5,0.291,0.0
2018-09-09,62.6,56.0,59.5,0.791,0.0
2018-09-10,63.9,57.6,60.8,1.047,0.0
2018-09-11,77.1,63.5,69.8,0.437,0.0
2018-09-12,78.2,68.5,73.2,0.528,0.0
2018-09-13,76.7,69.4,72.5,1.516,0.0
2018-09-14,75.7,68.2,70.9,0.039,0.0
2018-09-15,76.6,65.1,70.4,0.008,0.0
2018-09-16,80.5,64.9,71.1,0.0,0.0
2018-09-17,76.1,66.8,71.7,0.169,0.0
2018-09-18,77.4,68.9,73.0,1.091,0.0
2018-09-19,80.9,66.2,72.3,0.031,0.0
2018-09-20,69.6,64.5,67.1,0.138,0.0
2018-09-21,74.3,67.2,69.7,0.0,0.0
2018-09-22,72.1,62.1,68.6,0.165,0.0
2018-09-23,65.6,59.0,62.0,0.122,0.0
2018-09-24,68.1,58.1,62.6,0.008,0.0
2018-09-25,71.1,57.6,65.6,2.083,0.0
2018-09-26,79.9,68.9,73.7,0.406,0.0
2018-09-27,70.9,59.5,65.5,0.157,0.0
2018-09-28,67.3,57.6,62.1,1.48,0.0
2018-09-29,72.4,56.8,63.9,0.0,0.0
2018-09-30,68.4,54.5,61.3,0.0,0.0
2018-10-01,77.2,59.7,67.8,0.016,0.0
2018-10-02,77.3,63.0,69.1,1.079,0.0
2018-10-03,76.2,63.0,69.2,0.004,0.0
2018-10-04,78.5,60.3,68.9,0.067,0.0
2018-10-05,68.8,57.7,63.6,0.0,0.0
2018-10-06,67.9,63.9,65.8,0.028,0.0
2018-10-07,80.0,66.7,72.2,0.004,0.0
2018-10-08,68.3,64.3,66.4,0.028,0.0
2018-10-09,77.5,66.7,71.0,0.024,0.0
2018-10-10,77.8,69.3,72.0,0.024,0.0
2018-10-11,77.8,69.6,72.4,0.465,0.0
2018-10-12,69.8,51.6,60.3,0.283,0.0
2018-10-13,56.8,47.8,51.8,0.146,0.0
2018-10-14,58.1,44.6,51.5,0.0,0.0
2018-10-15,68.2,49.1,60.1,0.24,0.0
2018-10-16,64.8,47.1,53.0,0.067,0.0
2018-10-17,61.4,46.0,52.6,0.004,0.0
2018-10-18,49.8,41.0,45.2,0.0,0.0
2018-10-19,58.5,39.8,48.9,0.016,0.0
2018-10-20,63.0,48.5,56.0,0.102,0.0
2018-10-21,49.5,39.7,45.3,0.016,0.0
2018-10-22,51.3,38.2,44.7,0.0,0.0
2018-10-23,62.5,44.2,52.5,0.008,0.0
2018-10-24,55.8,43.2,48.6,0.0,0.0
2018-10-25,51.1,39.2,44.2,0.0,0.0
2018-10-26,50.5,36.5,44.0,0.0,0.0
2018-10-27,53.2,43.3,48.1,1.764,0.0
2018-10-28,53.2,44.5,48.9,0.051,0.0
2018-10-29,57.1,46.4,51.0,0.083,0.0
2018-10-30,54.8,40.8,46.3,0.0,0.0
2018-10-31,63.1,40.8,52.2,0.0,0.0
2018-11-01,68.5,51.7,59.8,0.004,0.0
2018-11-02,70.2,62.5,66.6,0.354,0.0
2018-11-03,64.8,46.9,57.0,0.319,0.0
2018-11-04,52.9,39.8,46.2,0.0,0.0
2018-11-05,53.2,44.4,50.2,0.232,0.0
2018-11-06,62.3,49.1,54.0,0.551,0.0
2018-11-07,62.5,47.0,55.3,0.0,0.0
2018-11-08,55.2,43.4,48.8,0.0,0.0
2018-11-09,50.5,39.5,45.4,0.571,0.0
2018-11-10,50.5,34.3,43.3,0.043,0.0
2018-11-11,46.0,32.0,38.0,0.0,0.0
2018-11-12,47.7,32.4,40.5,0.004,0.0
2018-11-13,51.4,43.0,46.3,0.756,0.0
2018-11-14,42.5,32.7,37.2,0.0,0.0
2018-11-15,37.5,29.7,33.1,0.831,4.161
2018-11-16,43.1,35.6,39.3,0.433,0.496
2018-11-17,47.6,33.7,39.9,0.0,0.0
2018-11-18,42.6,34.7,39.1,0.043,0.22
2018-11-19,53.1,37.1,44.1,0.0,0.0
2018-11-20,47.1,38.1,42.3,0.024,0.0
2018-11-21,45.9,29.8,37.7,0.008,0.0
2018-11-22,27.2,19.2,23.0,0.0,0.0
2018-11-23,31.1,17.4,23.6,0.0,0.0
2018-11-24,46.6,27.0,37.6,0.358,0.0
2018-11-25,54.6,40.0,46.7,1.106,0.0
2018-11-26,51.8,38.1,45.4,1.094,0.0
2018-11-27,45.4,37.2,41.1,0.063,0.0
2018-11-28,41.5,35.0,38.2,0.0,0.0
2018-11-29,43.8,37.0,40.2,0.0,0.0
2018-11-30,40.9,31.7,37.1,0.071,0.11
2018-12-01,43.8,30.2,38.1,0.11,0.0
2018-12-02,58.5,41.2,51.2,0.665,0.0
2018-12-03,55.2,44.1,50.8,0.0,0.0
2018-12-04,43.3,29.5,36.6,0.0,0.0
2018-12-05,36.1,24.8,30.1,0.0,0.0
2018-12-06,39.7,26.5,33.0,0.0,0.0
2018-12-07,37.2,24.0,33.0,0.0,0.0
2018-12-08,35.4,23.1,28.5,0.0,0.0
2018-12-09,34.9,24.3,29.5,0.0,0.0
2018-12-10,38.9,25.3,30.8,0.0,0.0
2018-12-11,38.2,24.8,30.5,0.0,0.0
2018-12-12,41.5,28.9,34.3,0.0,0.0
2018-12-13,40.9,28.9,34.6,0.039,0.083
2018-12-14,49.9,37.0,43.3,0.043,0.0
2018-12-15,49.2,42.6,45.8,0.189,0.0
2018-12-16,45.7,35.2,39.4,0.839,0.22
2018-12-17,46.1,35.6,39.6,0.063,0.055
2018-12-18,37.7,27.1,32.2,0.0,0.0
2018-12-19,40.8,23.3,30.8,0.0,0.0
2018-12-20,49.7,27.9,37.4,0.272,0.0
2018-12-21,57.7,50.3,54.0,1.701,0.0
2018-12-22,50.9,39.3,44.4,0.118,0.0
2018-12-23,43.1,32.1,37.3,0.0,0.0
2018-12-24,44.5,33.4,37.5,0.094,0.469
2018-12-25,40.7,29.6,34.5,0.0,0.0
2018-12-26,42.9,26.9,33.8,0.0,0.0
2018-12-27,39.6,32.5,35.5,0.0,0.0
2018-12-28,56.1,40.7,49.7,1.13,0.0
2018-12-29,54.6,36.0,47.9,0.004,0.0
2018-12-30,41.7,31.1,35.4,0.016,0.11
2018-12-31,45.1,30.7,38.0,0.752,0.0
2019-01-01,58.1,39.9,49.7,0.295,0.0
2019-01-02,38.9,31.5,35.9,0.0,0.0
2019-01-03,44.9,32.6,40.1,0.0,0.0
2019-01-04,46.6,29.9,37.0,0.0,0.0
2019-01-05,44.2,39.0,41.9,0.787,0.0
2019-01-06,48.4,32.5,39.5,0.008,0.0
2019-01-07,32.7,22.7,28.6,0.008,0.028
2019-01-08,46.6,32.3,39.6,0.012,0.0
2019-01-09,44.8,33.5,40.3,0.118,0.0
2019-01-10,33.7,28.5,31.6,0.0,0.0
2019-01-11,30.0,21.7,25.6,0.0,0.0
2019-01-12,36.1,20.7,26.8,0.0,0.0
2019-01-13,32.3,25.0,27.7,0.031,0.22
2019-01-14,34.0,21.0,25.7,0.0,0.0
2019-01-15,38.7,23.3,29.0,0.0,0.0
2019-01-16,40.3,24.4,31.4,0.0,0.0
2019-01-17,32.3,22.4,27.8,0.0,0.0
2019-01-18,38.3,28.8,32.5,0.059,0.413
2019-01-19,37.9,26.6,32.0,0.118,0.358
2019-01-20,49.3,12.8,32.8,1.217,0.606
2019-01-21,12.0,3.6,8.4,0.0,0.0
2019-01-22,28.9,11.4,19.7,0.0,0.0
2019-01-23,45.6,26.8,35.2,0.0,0.0
2019-01-24,54.5,34.4,47.7,1.303,0.0
2019-01-25,37.3,26.0,30.9,0.0,0.0
2019-01-26,34.3,20.5,27.0,0.0,0.0
2019-01-27,48.7,27.0,37.5,0.0,0.0
2019-01-28,36.0,22.2,28.0,0.0,0.0
2019-01-29,40.0,21.0,31.4,0.201,0.083
2019-01-30,33.1,6.8,21.5,0.024,0.138
2019-01-31,17.1,2.4,9.5,0.0,0.0
2019-02-01,23.2,10.8,16.3,0.0,0.0
2019-02-02,36.2,14.9,23.9,0.0,0.0
2019-02-03,50.1,25.4,35.1,0.0,0.0
2019-02-04,53.1,28.3,38.6,0.0,0.0
2019-02-05,63.9,32.8,45.0,0.0,0.0
2019-02-06,44.4,29.9,37.4,0.256,0.0
2019-02-07,46.3,36.4,41.1,0.276,0.0
2019-02-08,52.1,32.5,42.2,0.327,0.0
2019-02-09,33.4,23.0,27.3,0.0,0.0
2019-02-10,37.4,20.7,27.8,0.0,0.0
2019-02-11,37.3,28.6,32.2,0.016,0.11
2019-02-12,33.4,26.5,29.7,0.665,1.516
2019-02-13,42.4,29.5,35.9,0.106,0.0
2019-02-14,44.9,27.1,34.5,0.0,0.0
2019-02-15,55.8,37.6,47.0,0.008,0.0
2019-02-16,46.9,28.9,36.5,0.0,0.0
2019-02-17,35.7,22.5,29.8,0.02,0.0
2019-02-18,44.4,26.8,34.7,0.193,0.276
2019-02-19,36.7,22.3,27.8,0.0,0.0
2019-02-20,30.7,24.9,27.6,0.386,2.26
2019-02-21,52.9,31.1,39.4,0.35,0.055
2019-02-22,44.9,33.0,38.0,0.0,0.0
2019-02-23,40.0,27.8,33.9,0.043,0.0
2019-02-24,49.6,35.6,44.0,0.823,0.0
2019-02-25,42.1,28.5,35.9,0.0,0.0
2019-02-26,38.3,23.5,28.9,0.0,0.0
2019-02-27,28.9,22.4,25.9,0.016,0.11
2019-02-28,37.0,25.3,30.6,0.012,0.083
2019-03-01,37.1,25.6,30.8,0.079,0.551
2019-03-02,37.9,30.3,34.2,0.409,2.866
2019-03-03,41.8,29.8,35.3,0.339,2.232
2019-03-04,36.1,23.4,32.0,0.705,4.933
2019-03-05,29.4,4.5,20.8,0.0,0.0
2019-03-06,26.8,14.5,21.0,0.0,0.0
2019-03-07,33.4,15.5,23.9,0.008,0.055
2019-03-08,36.3,19.3,28.4,0.0,0.0
2019-03-09,46.3,24.5,34.2,0.0,0.0
2019-03-10,48.4,34.3,39.5,0.579,0.303
2019-03-11,51.8,36.1,43.9,0.0,0.0
2019-03-12,41.3,29.7,35.8,0.0,0.0
2019-03-13,43.3,23.8,34.6,0.0,0.0
2019-03-14,51.6,33.9,43.8,0.0,0.0
2019-03-15,71.6,49.6,59.7,0.772,0.0
2019-03-16,55.2,37.9,45.3,0.0,0.0
2019-03-17,42.6,28.7,35.7,0.0,0.0
2019-03-18,45.0,25.1,35.0,0.0,0.0
2019-03-19,47.0,26.1,36.8,0.0,0.0
2019-03-20,49.1,28.8,39.1,0.0,0.0
2019-03-21,48.1,37.2,42.9,0.579,0.0
2019-03-22,49.0,39.0,43.0,0.713,0.0
2019-03-23,47.8,31.8,39.2,0.016,0.083
2019-03-24,56.5,29.0,43.4,0.0,0.0
2019-03-25,49.9,41.7,46.3,0.047,0.0
2019-03-26,46.7,27.9,37.6,0.0,0.0
2019-03-27,42.8,27.7,35.5,0.0,0.0
2019-03-28,47.9,28.0,39.1,0.0,0.0
2019-03-29,55.1,41.5,48.5,0.024,0.0
2019-03-30,61.3,44.0,52.5,0.0,0.0
2019-03-31,64.1,40.1,51.5,0.169,0.0
2019-04-01,45.9,30.5,37.6,0.0,0.0
2019-04-02,47.6,29.7,39.6,0.035,0.0
2019-04-03,62.7,36.1,49.3,0.031,0.0
2019-04-04,57.7,36.1,46.4,0.0,0.0
2019-04-05,42.0,35.2,38.9,0.272,0.0
2019-04-06,67.3,38.8,50.2,0.016,0.0
2019-04-07,60.4,40.2,50.5,0.0,0.0
2019-04-08,76.6,49.9,61.7,0.394,0.0
2019-04-09,52.0,43.5,47.8,0.031,0.0
2019-04-10,57.8,40.8,48.8,0.0,0.0
2019-04-11,50.2,37.0,43.3,0.0,0.0
2019-04-12,66.3,43.7,53.8,0.484,0.0
2019-04-13,73.5,58.1,63.7,0.496,0.0
2019-04-14,65.2,53.2,59.8,0.102,0.0
2019-04-15,66.2,45.2,57.1,0.677,0.0
2019-04-16,63.2,41.0,51.9,0.0,0.0
2019-04-17,57.9,46.2,50.9,0.024,0.0
2019-04-18,61.4,47.7,54.5,0.067,0.0
2019-04-19,75.6,59.5,65.6,0.24,0.0
2019-04-20,63.7,54.1,60.3,0.421,0.0
2019-04-21,62.1,49.6,55.9,0.004,0.0
2019-04-22,63.0,49.4,56.2,0.291,0.0
2019-04-23,73.3,50.2,60.3,0.008,0.0
2019-04-24,67.6,52.9,61.8,0.008,0.0
2019-04-25,60.1,45.8,52.6,0.091,0.0
2019-04-26,62.0,50.7,56.2,0.654,0.0
2019-04-27,54.9,46.0,51.1,0.114,0.0
2019-04-28,52.2,42.6,47.9,0.067,0.0
2019-04-29,55.2,38.1,47.2,0.004,0.0
2019-04-30,67.1,47.8,54.4,0.146,0.0
2019-05-01,54.1,48.2,51.2,0.063,0.0
2019-05-02,73.5,50.4,58.3,0.224,0.0
2019-05-03,56.5,49.2,52.7,0.024,0.0
2019-05-04,68.1,51.9,58.3,0.457,0.0
2019-05-05,56.6,51.9,54.2,1.417,0.0
2019-05-06,69.8,49.5,57.3,0.035,0.0
2019-05-07,65.4,50.4,57.7,0.173,0.0
2019-05-08,67.5,51.1,57.7,0.039,0.0
2019-05-09,58.2,49.4,53.4,0.0,0.0
2019-05-10,73.5,53.5,64.1,0.079,0.0
2019-05-11,67.5,52.5,61.2,0.177,0.0
2019-05-12,54.7,45.0,48.7,1.15,0.0
2019-05-13,52.2,44.9,47.6,0.807,0.0
2019-05-14,54.1,45.0,48.5,0.157,0.0
2019-05-15,67.7,43.2,55.3,0.016,0.0
2019-05-16,69.8,49.2,60.4,0.016,0.0
2019-05-17,76.6,53.6,65.8,0.035,0.0
2019-05-18,73.6,52.8,62.4,0.0,0.0
2019-05-19,74.1,54.1,64.5,0.028,0.0
2019-05-20,83.0,66.6,74.1,0.071,0.0
2019-05-21,68.2,54.6,61.5,0.0,0.0
2019-05-22,72.6,50.8,62.3,0.0,0.0
2019-05-23,77.6,58.4,65.8,0.083,0.0
2019-05-24,74.2,60.4,68.2,0.0,0.0
2019-05-25,66.9,54.0,60.5,0.0,0.0
2019-05-26,85.5,59.4,71.4,0.079,0.0
2019-05-27,78.4,60.9,70.6,0.0,0.0
2019-05-28,70.9,61.0,65.4,0.256,0.0
2019-05-29,69.3,56.7,65.0,0.106,0.0
2019-05-30,67.8,55.9,62.1,0.555,0.0
2019-05-31,78.2,63.4,70.4,0.02,0.0
2019-06-01,78.3,60.7,67.9,0.0,0.0
2019-06-02,79.3,62.4,70.0,0.083,0.0
2019-06-03,69.0,56.0,62.9,0.0,0.0
2019-06-04,70.5,52.1,61.2,0.0,0.0
2019-06-05,79.3,61.8,69.7,0.154,0.0
2019-06-06,81.3,67.7,74.2,0.622,0.0
2019-06-07,78.0,63.3,69.2,0.0,0.0
2019-06-08,78.8,60.0,68.8,0.0,0.0
2019-06-09,74.1,56.4,64.9,0.0,0.0
2019-06-10,68.6,56.6,63.5,0.606,0.0
2019-06-11,74.4,61.9,68.8,0.343,0.0
2019-06-12,72.0,54.9,64.1,0.0,0.0
2019-06-13,67.0,59.1,62.5,0.898,0.0
2019-06-14,72.7,57.7,64.4,0.028,0.0
2019-06-15,80.5,54.8,68.6,0.0,0.0
2019-06-16,80.4,63.4,72.6,0.126,0.0
2019-06-17,74.7,67.2,70.7,0.205,0.0
2019-06-18,76.8,66.6,70.3,0.429,0.0
2019-06-19,70.0,64.2,67.6,0.461,0.0
2019-06-20,79.3,66.6,71.9,0.429,0.0
2019-06-21,75.6,65.8,69.4,0.626,0.0
2019-06-22,75.7,60.5,68.9,0.0,0.0
2019-06-23,80.5,59.7,71.1,0.0,0.0
2019-06-24,83.2,60.9,72.3,0.0,0.0
2019-06-25,81.8,68.8,74.2,0.354,0.0
2019-06-26,86.6,68.9,77.5,0.008,0.0
2019-06-27,86.9,67.7,78.0,0.0,0.0
2019-06-28,86.1,67.4,77.2,0.012,0.0
2019-06-29,88.3,71.2,78.6,0.055,0.0
2019-06-30,81.0,70.3,75.3,0.0,0.0
2019-07-01,85.0,63.2,74.2,0.0,0.0
2019-07-02,85.8,65.7,76.6,0.016,0.0
2019-07-03,83.9,72.2,78.5,0.028,0.0
2019-07-04,86.0,70.6,78.2,0.0,0.0
2019-07-05,81.1,68.6,75.1,0.016,0.0
2019-07-06,86.5,75.1,79.4,0.335,0.0
2019-07-07,82.2,72.1,76.3,0.091,0.0
2019-07-08,76.3,69.2,71.6,0.441,0.0
2019-07-09,88.4,67.2,77.4,0.0,0.0
2019-07-10,88.2,69.4,78.7,0.0,0.0
2019-07-11,82.9,71.2,76.7,0.339,0.0
2019-07-12,86.5,72.3,77.9,0.118,0.0
2019-07-13,86.7,67.9,76.7,0.0,0.0
2019-07-14,87.7,71.4,79.9,0.0,0.0
2019-07-15,87.0,66.3,76.5,0.0,0.0
2019-07-16,91.7,68.4,79.8,0.004,0.0
2019-07-17,91.1,74.7,81.8,0.673,0.0
2019-07-18,83.2,71.6,77.0,0.449,0.0
2019-07-19,91.7,71.2,80.7,0.004,0.0
2019-07-20,95.3,77.8,85.8,0.028,0.0
2019-07-21,93.9,77.5,85.8,0.004,0.0
2019-07-22,85.6,75.2,80.2,1.083,0.0
2019-07-23,75.7,68.3,72.0,0.949,0.0
2019-07-24,79.9,68.4,73.8,0.047,0.0
2019-07-25,83.4,68.5,75.3,0.0,0.0
2019-07-26,83.1,65.8,75.5,0.0,0.0
2019-07-27,82.9,69.3,75.7,0.0,0.0
2019-07-28,89.2,70.9,79.3,0.0,0.0
2019-07-29,89.5,70.7,79.8,0.028,0.0
2019-07-30,89.3,74.1,81.4,0.016,0.0
2019-07-31,86.0,72.5,78.3,0.472,0.0
2019-08-01,85.1,71.9,78.3,0.0,0.0
2019-08-02,83.7,72.3,77.6,0.004,0.0
2019-08-03,82.1,69.6,75.7,0.067,0.0
2019-08-04,87.4,70.4,78.3,0.079,0.0
2019-08-05,81.0,69.2,75.3,0.0,0.0
2019-08-06,79.8,70.3,75.1,0.039,0.0
2019-08-07,83.0,70.2,74.8,0.685,0.0
2019-08-08,84.8,66.5,75.0,0.039,0.0
2019-08-09,84.0,68.5,75.6,0.012,0.0
2019-08-10,81.1,65.2,73.3,0.0,0.0
2019-08-11,81.7,60.6,71.4,0.0,0.0
2019-08-12,85.6,62.2,73.7,0.0,0.0
2019-08-13,77.5,70.9,74.3,0.315,0.0
2019-08-14,78.1,69.6,73.9,0.398,0.0
2019-08-15,80.4,69.3,73.5,0.043,0.0
2019-08-16,78.4,67.8,73.0,0.035,0.0
2019-08-17,82.0,70.5,75.6,0.11,0.0
2019-08-18,82.2,72.0,76.4,0.531,0.0
2019-08-19,88.7,72.4,79.2,0.075,0.0
2019-08-20,84.3,72.1,77.7,0.0,0.0
2019-08-21,87.5,74.1,79.1,0.295,0.0
2019-08-22,89.2,73.1,80.0,0.209,0.0
2019-08-23,74.2,65.4,70.4,0.661,0.0
2019-08-24,74.9,62.6,68.8,0.0,0.0
2019-08-25,74.7,63.9,68.6,0.0,0.0
2019-08-26,73.6,58.7,65.6,0.0,0.0
2019-08-27,70.6,61.7,66.7,0.0,0.0
2019-08-28,74.1,64.5,69.4,0.445,0.0
2019-08-29,81.6,64.3,72.3,0.0,0.0
2019-08-30,87.2,60.4,73.1,0.0,0.0
2019-08-31,81.5,66.4,72.7,0.0,0.0
2019-09-01,76.0,63.2,69.3,0.0,0.0
2019-09-02,77.5,68.2,71.2,0.331,0.0
2019-09-03,79.3,64.3,71.4,0.0,0.0
2019-09-04,88.0,64.9,74.6,0.071,0.0
2019-09-05,75.1,62.8,68.6,0.0,0.0
2019-09-06,68.5,60.4,64.9,0.067,0.0
2019-09-07,75.7,56.7,65.3,0.319,0.0
2019-09-08,78.6,59.5,68.1,0.0,0.0
2019-09-09,75.5,61.8,68.7,0.059,0.0
2019-09-10,74.8,64.0,69.5,0.024,0.0
2019-09-11,89.4,66.7,76.6,0.004,0.0
2019-09-12,78.6,62.9,72.5,0.307,0.0
2019-09-13,67.6,57.8,63.4,0.0,0.0
2019-09-14,74.2,61.8,68.8,0.0,0.0
2019-09-15,81.1,66.9,72.3,0.02,0.0
2019-09-16,76.5,66.6,70.4,0.031,0.0
2019-09-17,73.9,59.6,66.4,0.0,0.0
2019-09-18,68.1,55.0,61.9,0.012,0.0
2019-09-19,68.2,51.3,59.3,0.0,0.0
2019-09-20,77.0,51.8,63.6,0.0,0.0
2019-09-21,80.8,57.3,67.9,0.0,0.0
2019-09-22,81.4,59.3,70.8,0.0,0.0
2019-09-23,87.9,69.5,77.2,0.004,0.0
2019-09-24,77.0,61.1,69.6,0.028,0.0
2019-09-25,77.2,55.4,65.2,0.0,0.0
2019-09-26,82.5,59.7,67.9,0.028,0.0
2019-09-27,71.7,54.9,63.6,0.0,0.0
2019-09-28,80.8,61.5,70.1,0.0,0.0
2019-09-29,76.1,62.5,69.7,0.0,0.0
2019-09-30,68.7,60.4,64.0,0.008,0.0
2019-10-01,82.1,61.7,70.3,0.012,0.0
2019-10-02,90.1,63.9,76.6,0.091,0.0
2019-10-03,61.1,55.1,57.9,0.394,0.0
2019-10-04,65.2,51.0,59.6,0.024,0.0
2019-10-05,57.9,45.5,51.8,0.0,0.0
2019-10-06,70.0,55.6,64.2,0.083,0.0
2019-10-07,77.5,60.3,69.7,0.181,0.0
2019-10-08,65.2,57.8,60.7,0.083,0.0
2019-10-09,58.0,52.9,55.6,0.524,0.0
2019-10-10,68.5,52.2,59.3,0.024,0.0
2019-10-11,62.9,53.2,58.0,0.0,0.0
2019-10-12,68.0,52.1,59.2,0.0,0.0
2019-10-13,63.9,50.7,57.9,0.004,0.0
2019-10-14,72.1,53.4,61.7,0.008,0.0
2019-10-15,61.9,48.4,55.5,0.0,0.0
2019-10-16,65.5,53.3,59.5,1.13,0.0
2019-10-17,56.8,50.0,53.5,0.02,0.0
2019-10-18,58.8,46.4,52.2,0.0,0.0
2019-10-19,59.8,41.5,49.9,0.0,0.0
2019-10-20,59.5,44.1,52.7,0.425,0.0
2019-10-21,65.5,49.3,55.7,0.091,0.0
2019-10-22,62.1,51.9,57.1,0.268,0.0
2019-10-23,64.2,52.1,59.3,0.161,0.0
2019-10-24,64.2,44.2,54.2,0.0,0.0
2019-10-25,62.3,47.1,55.1,0.0,0.0
2019-10-26,61.6,50.0,56.1,0.004,0.0
2019-10-27,69.4,55.3,60.2,1.15,0.0
2019-10-28,63.7,51.7,57.4,0.0,0.0
2019-10-29,60.8,54.1,57.2,0.083,0.0
2019-10-30,65.3,55.4,60.2,0.031,0.0
2019-10-31,69.5,60.1,65.5,0.874,0.0
2019-11-01,69.9,44.2,51.2,0.224,0.0
2019-11-02,50.9,38.0,45.6,0.0,0.0
2019-11-03,51.9,40.1,45.8,0.0,0.0
2019-11-04,55.0,37.0,46.8,0.0,0.0
2019-11-05,59.5,44.8,51.9,0.024,0.0
2019-11-06,53.0,42.1,47.1,0.0,0.0
2019-11-07,57.0,41.6,48.4,0.157,0.0
2019-11-08,41.1,30.7,36.0,0.004,0.0
2019-11-09,40.5,25.9,33.0,0.0,0.0
2019-11-10,51.8,32.2,40.9,0.0,0.0
2019-11-11,57.2,39.2,48.0,0.0,0.0
2019-11-12,53.9,27.1,41.1,0.15,0.248
2019-11-13,34.0,23.5,28.0,0.0,0.0
2019-11-14,43.0,26.5,34.2,0.0,0.0
2019-11-15,50.5,30.1,39.7,0.0,0.0
2019-11-16,40.0,29.9,35.5,0.0,0.0
2019-11-17,39.7,27.5,34.6,0.0,0.0
2019-11-18,41.0,36.7,38.7,0.346,0.0
2019-11-19,51.9,38.7,43.6,0.161,0.0
2019-11-20,47.0,37.8,41.6,0.0,0.0
2019-11-21,51.5,35.0,43.3,0.0,0.0
2019-11-22,52.7,38.0,45.3,0.118,0.0
2019-11-23,44.6,31.0,38.3,0.047,0.0
2019-11-24,45.4,38.5,41.8,0.929,0.0
2019-11-25,51.4,35.4,42.3,0.0,0.0
2019-11-26,56.8,34.8,44.6,0.0,0.0
2019-11-27,57.6,37.2,48.9,0.043,0.0
2019-11-28,52.9,36.3,44.9,0.0,0.0
2019-11-29,41.7,29.5,34.5,0.0,0.0
2019-11-30,42.9,28.6,34.6,0.0,0.0
2019-12-01,38.5,26.9,31.8,0.677,1.075
2019-12-02,37.2,32.2,34.6,0.591,3.224
2019-12-03,37.9,28.8,32.6,0.098,0.689
2019-12-04,40.2,27.9,35.1,0.0,0.0
2019-12-05,41.6,32.5,36.8,0.0,0.0
2019-12-06,48.0,28.3,38.8,0.0,0.0
2019-12-07,37.0,27.1,32.6,0.0,0.0
2019-12-08,40.3,23.5,32.0,0.0,0.0
2019-12-09,52.3,39.6,46.7,0.843,0.0
2019-12-10,56.5,43.3,52.5,0.346,0.0
2019-12-11,41.5,31.7,35.9,0.331,1.323
2019-12-12,34.5,25.3,29.6,0.0,0.0
2019-12-13,49.7,30.5,39.2,0.575,0.0
2019-12-14,55.5,45.1,49.8,0.87,0.0
2019-12-15,47.3,34.6,41.9,0.0,0.0
2019-12-16,35.9,31.0,34.2,0.051,0.303
2019-12-17,33.7,31.0,33.0,0.988,0.772
2019-12-18,38.4,24.2,32.1,0.012,0.083
2019-12-19,27.1,16.3,21.3,0.0,0.0
2019-12-20,34.7,21.8,25.9,0.0,0.0
2019-12-21,32.7,21.7,26.5,0.0,0.0
2019-12-22,47.6,24.6,33.0,0.0,0.0
2019-12-23,52.7,31.0,39.7,0.0,0.0
2019-12-24,45.3,32.1,38.0,0.0,0.0
2019-12-25,43.0,26.1,33.2,0.0,0.0
2019-12-26,44.7,29.0,37.0,0.012,0.0
2019-12-27,49.9,42.1,45.7,0.004,0.0
2019-12-28,48.0,34.8,42.5,0.0,0.0
2019-12-29,42.1,31.5,37.2,0.189,0.0
2019-12-30,41.7,37.8,40.1,0.894,0.0
2019-12-31,44.1,36.0,39.1,0.008,0.0
2020-01-01,40.0,31.1,36.2,0.0,0.0
2020-01-02,48.2,28.1,36.5,0.0,0.0
2020-01-03,48.9,36.1,43.8,0.157,0.0
2020-01-04,50.3,42.2,46.0,0.244,0.0
2020-01-05,41.5,29.6,37.0,0.035,0.0
2020-01-06,46.0,31.3,37.2,0.051,0.358
2020-01-07,43.0,30.9,36.7,0.031,0.055
2020-01-08,41.2,29.2,33.9,0.004,0.028
2020-01-09,33.1,23.2,28.2,0.0,0.0
2020-01-10,52.2,30.1,41.1,0.0,0.0
2020-01-11,65.1,46.2,57.0,0.008,0.0
2020-01-12,65.9,44.2,58.6,0.106,0.0
2020-01-13,48.1,34.3,40.8,0.008,0.0
2020-01-14,44.2,33.9,39.6,0.012,0.0
2020-01-15,49.0,37.4,42.4,0.004,0.0
2020-01-16,47.7,34.5,42.3,0.071,0.0
2020-01-17,33.5,22.5,26.5,0.0,0.0
2020-01-18,36.5,20.8,26.4,0.331,2.15
2020-01-19,44.9,29.9,37.2,0.059,0.0
2020-01-20,30.6,19.3,25.1,0.0,0.0
2020-01-21,34.3,20.2,25.8,0.0,0.0
2020-01-22,37.4,22.5,28.0,0.0,0.0
2020-01-23,44.7,24.2,32.1,0.0,0.0
2020-01-24,49.4,27.2,37.2,0.0,0.0
2020-01-25,49.6,33.7,41.2,1.004,0.0
2020-01-26,46.3,33.5,39.3,0.0,0.0
2020-01-27,45.2,31.4,38.0,0.0,0.0
2020-01-28,41.9,31.4,37.4,0.0,0.0
2020-01-29,40.0,27.9,33.2,0.0,0.0
2020-01-30,34.4,22.2,28.6,0.0,0.0
2020-01-31,43.6,27.2,36.0,0.039,0.0
2020-02-01,42.2,30.7,36.7,0.016,0.0
2020-02-02,43.2,32.9,37.1,0.126,0.248
2020-02-03,54.5,32.3,42.5,0.02,0.028
2020-02-04,55.8,37.0,44.8,0.091,0.0
2020-02-05,48.5,38.2,41.0,0.031,0.0
2020-02-06,43.9,36.0,39.9,0.634,0.0
2020-02-07,57.3,33.8,41.1,0.402,0.165
2020-02-08,40.8,27.9,33.7,0.0,0.0
2020-02-09,44.0,28.2,34.6,0.0,0.0
2020-02-10,48.1,37.1,42.0,0.386,0.0
2020-02-11,45.8,40.8,43.3,0.358,0.0
2020-02-12,45.1,33.7,40.0,0.012,0.0
2020-02-13,43.9,36.1,39.8,0.772,0.0
2020-02-14,37.5,19.9,30.2,0.0,0.0
2020-02-15,29.2,15.5,22.1,0.0,0.0
2020-02-16,46.0,26.4,34.9,0.0,0.0
2020-02-17,49.7,30.0,38.7,0.0,0.0
2020-02-18,48.8,33.0,40.2,0.051,0.0
2020-02-19,46.6,31.2,40.8,0.0,0.0
2020-02-20,37.9,26.2,31.5,0.0,0.0
2020-02-21,35.3,20.6,27.2,0.0,0.0
2020-02-22,48.0,25.8,35.2,0.0,0.0
2020-02-23,53.5,27.2,39.7,0.0,0.0
2020-02-24,55.3,29.8,41.8,0.0,0.0
2020-02-25,50.2,40.2,45.4,0.106,0.0
2020-02-26,50.6,41.8,45.1,0.004,0.0
2020-02-27,47.6,30.5,39.9,0.476,0.0
2020-02-28,41.0,27.3,33.1,0.0,0.0
2020-02-29,36.7,25.1,30.1,0.0,0.0
2020-03-01,44.4,23.8,32.1,0.0,0.0
2020-03-02,56.5,29.6,43.5,0.0,0.0
2020-03-03,56.5,43.8,49.1,0.26,0.0
2020-03-04,55.8,41.3,47.8,0.13,0.0
2020-03-05,51.1,34.4,41.8,0.0,0.0
2020-03-06,45.0,32.6,39.4,0.165,0.0
2020-03-07,47.0,34.1,39.0,0.02,0.0
2020-03-08,57.0,27.8,41.9,0.0,0.0
2020-03-09,68.4,38.6,52.4,0.0,0.0
2020-03-10,60.7,47.4,54.5,0.012,0.0
2020-03-11,54.8,37.0,47.1,0.0,0.0
2020-03-12,48.3,35.4,42.6,0.028,0.0
2020-03-13,67.6,44.7,54.8,0.417,0.0
2020-03-14,54.6,39.2,47.0,0.004,0.0
2020-03-15,52.4,36.5,44.4,0.012,0.0
2020-03-16,44.1,28.9,37.3,0.0,0.0
2020-03-17,54.0,38.8,44.7,0.244,0.276
2020-03-18,50.3,33.4,43.4,0.0,0.0
2020-03-19,54.7,40.6,47.0,0.705,0.0
2020-03-20,74.7,44.6,58.5,0.15,0.0
2020-03-21,63.0,39.8,47.3,0.0,0.0
2020-03-22,42.9,31.2,36.7,0.0,0.0
2020-03-23,41.7,35.9,37.4,1.165,0.496
2020-03-24,57.5,33.4,43.8,0.0,0.0
2020-03-25,46.3,37.4,41.6,0.02,0.0
2020-03-26,57.0,33.1,44.0,0.0,0.0
2020-03-27,64.9,45.9,53.7,0.008,0.0
2020-03-28,50.1,42.2,46.2,0.606,0.0
2020-03-29,53.2,44.6,47.7,0.134,0.0
2020-03-30,53.4,39.6,45.9,0.197,0.0
2020-03-31,47.4,40.2,42.9,0.083,0.0
2020-04-01,54.8,36.7,44.7,0.0,0.0
2020-04-02,56.6,36.9,47.1,0.0,0.0
2020-04-03,50.6,42.6,47.1,0.362,0.138
2020-04-04,58.2,44.9,49.3,0.028,0.0
2020-04-05,60.9,42.2,50.4,0.0,0.0
2020-04-06,63.6,45.6,53.4,0.055,0.0
2020-04-07,63.1,45.3,53.0,0.012,0.0
2020-04-08,66.3,47.6,55.4,0.22,0.0
2020-04-09,61.7,44.0,50.0,0.378,0.0
2020-04-10,48.7,38.4,43.6,0.055,0.028
2020-04-11,52.4,36.1,44.4,0.0,0.0
2020-04-12,60.0,36.1,49.3,0.0,0.0
2020-04-13,65.9,54.1,59.0,1.634,0.0
2020-04-14,56.3,43.4,50.5,0.0,0.0
2020-04-15,51.8,40.3,45.5,0.059,0.0
2020-04-16,48.3,38.2,43.4,0.008,0.0
2020-04-17,50.7,31.3,41.0,0.067,0.0
2020-04-18,47.8,39.1,43.6,0.319,0.0
2020-04-19,60.1,35.0,47.9,0.0,0.0
2020-04-20,53.6,43.0,48.9,0.0,0.0
2020-04-21,60.2,40.9,48.2,0.272,0.0
2020-04-22,49.4,33.5,41.3,0.0,0.0
2020-04-23,49.9,33.8,42.0,0.012,0.0
2020-04-24,48.4,40.9,45.2,0.614,0.0
2020-04-25,62.2,37.4,49.0,0.0,0.0
2020-04-26,49.4,43.1,46.5,0.346,0.0
2020-04-27,47.0,40.1,43.4,0.055,0.0
2020-04-28,63.9,36.3,49.1,0.0,0.0
2020-04-29,56.8,39.7,48.1,0.059,0.0
2020-04-30,60.0,49.1,55.1,0.969,0.0
2020-05-01,65.5,52.2,57.4,0.425,0.0
2020-05-02,70.9,48.3,59.6,0.0,0.0
2020-05-03,76.5,52.3,64.0,0.185,0.0
2020-05-04,68.5,48.7,59.4,0.02,0.0
2020-05-05,59.3,44.2,51.3,0.0,0.0
2020-05-06,53.1,43.8,47.9,0.134,0.0
2020-05-07,62.8,42.1,53.2,0.0,0.0
2020-05-08,51.9,42.1,47.7,0.374,0.0
2020-05-09,46.8,33.3,40.7,0.094,0.11
2020-05-10,61.0,36.9,49.1,0.0,0.0
2020-05-11,59.2,42.7,50.7,0.098,0.0
2020-05-12,58.9,41.0,49.0,0.0,0.0
2020-05-13,60.7,36.9,49.2,0.0,0.0
2020-05-14,61.5,38.8,53.0,0.0,0.0
2020-05-15,82.1,54.8,68.7,0.15,0.0
2020-05-16,74.4,59.9,66.7,0.047,0.0
2020-05-17,61.9,50.7,56.4,0.0,0.0
2020-05-18,68.8,50.7,58.9,0.0,0.0
2020-05-19,65.1,51.2,57.7,0.0,0.0
2020-05-20,63.2,46.5,54.4,0.0,0.0
2020-05-21,61.0,42.9,52.8,0.0,0.0
2020-05-22,72.0,52.9,61.8,0.122,0.0
2020-05-23,68.7,54.0,61.4,0.476,0.0
2020-05-24,66.1,50.5,57.2,0.0,0.0
2020-05-25,68.1,54.8,59.8,0.0,0.0
2020-05-26,71.5,55.2,62.4,0.0,0.0
2020-05-27,72.2,58.6,63.7,0.0,0.0
2020-05-28,73.4,60.6,66.3,0.035,0.0
2020-05-29,78.7,64.4,72.1,0.039,0.0
2020-05-30,79.3,67.9,72.3,0.181,0.0
2020-05-31,69.2,55.0,61.7,0.0,0.0
2020-06-01,67.6,48.6,58.8,0.012,0.0
2020-06-02,71.1,54.0,63.8,0.0,0.0
2020-06-03,84.0,59.3,70.6,0.327,0.0
2020-06-04,84.7,63.0,73.3,0.0,0.0
2020-06-05,75.8,68.6,71.3,0.894,0.0
2020-06-06,85.1,69.1,75.8,0.161,0.0
2020-06-07,76.5,60.9,68.1,0.0,0.0
2020-06-08,77.9,56.8,67.0,0.0,0.0
2020-06-09,87.0,57.8,73.5,0.0,0.0
2020-06-10,80.6,66.8,73.6,0.0,0.0
2020-06-11,83.3,72.4,75.4,0.854,0.0
2020-06-12,83.5,66.4,74.8,0.0,0.0
2020-06-13,73.2,59.0,66.2,0.0,0.0
2020-06-14,72.0,54.0,62.4,0.0,0.0
2020-06-15,73.1,58.3,64.5,0.0,0.0
2020-06-16,75.7,57.5,65.7,0.0,0.0
2020-06-17,76.5,58.2,66.2,0.0,0.0
2020-06-18,74.5,63.9,68.1,0.079,0.0
2020-06-19,77.0,65.8,70.7,0.031,0.0
2020-06-20,81.0,65.7,73.3,0.024,0.0
2020-06-21,81.9,66.9,74.5,0.008,0.0
2020-06-22,87.2,68.8,77.8,0.0,0.0
2020-06-23,82.3,68.8,76.0,0.0,0.0
2020-06-24,86.5,71.0,78.2,0.004,0.0
2020-06-25,83.8,65.3,74.5,0.0,0.0
2020-06-26,86.8,65.5,75.7,0.004,0.0
2020-06-27,80.0,65.3,74.1,0.232,0.0
2020-06-28,84.1,68.3,75.7,0.098,0.0
2020-06-29,84.6,68.5,75.7,0.028,0.0
2020-06-30,78.1,66.6,72.2,0.445,0.0
2020-07-01,80.2,67.6,73.0,0.283,0.0
2020-07-02,89.4,68.0,77.9,0.0,0.0
2020-07-03,89.2,71.8,79.5,0.531,0.0
2020-07-04,84.2,69.4,74.9,0.22,0.0
2020-07-05,90.7,71.1,79.0,0.004,0.0
2020-07-06,91.1,69.9,79.2,0.016,0.0
2020-07-07,80.3,72.1,75.4,0.075,0.0
2020-07-08,83.0,73.2,77.4,0.043,0.0
2020-07-09,85.7,71.6,77.9,0.0,0.0
2020-07-10,76.1,72.8,74.1,1.484,0.0
2020-07-11,83.1,72.6,77.1,0.374,0.0
2020-07-12,88.0,69.7,78.6,0.0,0.0
2020-07-13,88.3,70.6,78.7,0.047,0.0
2020-07-14,83.0,68.3,76.2,0.004,0.0
2020-07-15,77.8,68.7,73.6,0.028,0.0
2020-07-16,75.6,69.2,71.9,0.0,0.0
2020-07-17,85.0,68.7,75.6,0.173,0.0
2020-07-18,91.0,69.8,79.4,0.0,0.0
2020-07-19,93.0,71.5,81.7,0.0,0.0
2020-07-20,96.7,78.3,85.8,0.0,0.0
2020-07-21,89.4,71.9,80.5,0.0,0.0
2020-07-22,89.4,74.8,81.5,0.134,0.0
2020-07-23,88.3,73.9,78.9,0.335,0.0
2020-07-24,78.8,72.9,75.6,0.87,0.0
2020-07-25,86.0,70.3,78.2,0.0,0.0
2020-07-26,93.8,73.7,82.8,0.0,0.0
2020-07-27,96.1,71.1,84.2,0.0,0.0
2020-07-28,93.7,77.5,84.4,0.071,0.0
2020-07-29,88.5,73.4,81.0,0.0,0.0
2020-07-30,90.8,73.5,82.4,0.0,0.0
2020-07-31,81.0,72.1,76.3,0.535,0.0
2020-08-01,85.4,68.1,77.5,0.0,0.0
2020-08-02,84.4,74.4,79.6,0.173,0.0
2020-08-03,89.1,74.8,80.9,0.091,0.0
2020-08-04,80.2,73.9,76.3,0.831,0.0
2020-08-05,87.4,71.2,78.4,0.0,0.0
2020-08-06,77.9,66.1,72.2,0.102,0.0
2020-08-07,81.2,71.2,74.9,0.106,0.0
2020-08-08,79.7,69.4,74.3,0.516,0.0
2020-08-09,84.7,69.4,77.1,0.02,0.0
2020-08-10,88.7,72.4,80.3,0.0,0.0
2020-08-11,84.8,75.2,80.0,0.028,0.0
2020-08-12,87.5,74.1,80.4,0.299,0.0
2020-08-13,78.3,74.7,76.2,0.213,0.0
2020-08-14,85.6,72.1,78.1,0.008,0.0
2020-08-15,84.1,70.0,74.9,0.012,0.0
2020-08-16,71.2,66.5,68.6,0.528,0.0
2020-08-17,78.8,62.2,69.8,0.236,0.0
2020-08-18,83.2,65.3,74.1,0.0,0.0
2020-08-19,75.1,66.5,70.3,0.217,0.0
2020-08-20,78.4,62.3,70.0,0.0,0.0
2020-08-21,83.8,64.6,74.1,0.0,0.0
2020-08-22,86.1,70.6,77.5,0.102,0.0
2020-08-23,83.2,69.0,76.1,0.0,0.0
2020-08-24,89.2,71.2,78.8,0.004,0.0
2020-08-25,91.7,72.9,79.9,0.012,0.0
2020-08-26,79.1,66.8,72.6,0.0,0.0
2020-08-27,92.3,67.0,77.4,0.059,0.0
2020-08-28,88.9,69.3,76.4,0.024,0.0
2020-08-29,78.2,72.1,75.0,0.827,0.0
2020-08-30,78.3,64.7,71.2,0.004,0.0
2020-08-31,73.9,60.5,68.0,0.0,0.0
2020-09-01,77.1,67.9,71.8,0.008,0.0
2020-09-02,77.2,67.9,73.3,0.409,0.0
2020-09-03,85.4,73.1,76.9,0.902,0.0
2020-09-04,83.9,67.1,75.6,0.0,0.0
2020-09-05,78.3,61.8,69.8,0.0,0.0
2020-09-06,79.9,62.5,70.8,0.0,0.0
2020-09-07,77.0,62.3,70.3,0.0,0.0
2020-09-08,80.7,62.9,71.4,0.0,0.0
2020-09-09,79.7,66.5,72.6,0.024,0.0
2020-09-10,81.1,71.8,75.5,0.677,0.0
2020-09-11,76.3,63.6,71.6,0.028,0.0
2020-09-12,70.1,61.0,64.8,0.0,0.0
2020-09-13,73.7,61.4,68.5,0.059,0.0
2020-09-14,76.9,60.6,69.6,0.0,0.0
2020-09-15,66.2,52.8,59.4,0.0,0.0
2020-09-16,72.1,53.5,63.0,0.0,0.0
2020-09-17,72.2,61.4,66.8,0.0,0.0
2020-09-18,67.8,58.5,63.3,0.0,0.0
2020-09-19,62.6,49.4,55.6,0.0,0.0
2020-09-20,62.2,49.3,55.1,0.0,0.0
2020-09-21,65.1,47.4,55.5,0.0,0.0
2020-09-22,72.1,48.4,59.0,0.0,0.0
2020-09-23,79.1,53.6,65.5,0.0,0.0
2020-09-24,76.4,55.0,65.6,0.0,0.0
2020-09-25,76.6,56.1,65.6,0.0,0.0
2020-09-26,73.0,59.5,66.2,0.051,0.0
2020-09-27,77.5,63.4,70.0,0.012,0.0
2020-09-28,75.0,67.2,70.5,0.063,0.0
2020-09-29,74.7,64.9,69.4,0.484,0.0
2020-09-30,70.3,60.4,66.2,1.15,0.0
2020-10-01,71.8,57.7,64.3,0.0,0.0
2020-10-02,65.0,55.7,59.4,0.169,0.0
2020-10-03,65.5,50.0,56.9,0.0,0.0
2020-10-04,65.7,49.5,57.5,0.02,0.0
2020-10-05,67.5,52.0,59.5,0.0,0.0
2020-10-06,68.2,52.3,61.4,0.008,0.0
2020-10-07,75.9,55.9,64.4,0.008,0.0
2020-10-08,64.0,50.5,58.0,0.0,0.0
2020-10-09,67.2,48.6,57.7,0.0,0.0
2020-10-10,74.8,56.9,65.0,0.0,0.0
2020-10-11,66.7,59.2,63.4,0.024,0.0
2020-10-12,58.6,52.4,54.6,0.933,0.0
2020-10-13,59.4,55.1,57.3,0.413,0.0
2020-10-14,68.9,48.6,58.1,0.0,0.0
2020-10-15,72.1,52.5,61.5,0.0,0.0
2020-10-16,63.1,50.8,57.3,0.937,0.0
2020-10-17,59.6,45.2,51.7,0.15,0.0
2020-10-18,62.5,45.0,54.0,0.0,0.0
2020-10-19,64.1,48.6,58.0,0.0,0.0
2020-10-20,70.7,55.5,62.0,0.0,0.0
2020-10-21,67.8,57.7,62.3,0.012,0.0
2020-10-22,69.9,61.6,65.0,0.0,0.0
2020-10-23,68.3,61.1,63.8,0.012,0.0
2020-10-24,70.3,50.0,61.8,0.016,0.0
2020-10-25,51.6,44.9,48.7,0.043,0.0
2020-10-26,62.1,51.3,56.7,0.067,0.0
2020-10-27,60.0,54.7,57.3,0.031,0.0
2020-10-28,61.6,52.6,55.8,0.114,0.0
2020-10-29,54.6,47.4,51.7,1.48,0.0
2020-10-30,47.1,37.7,42.0,0.732,0.0
2020-10-31,44.9,32.2,39.7,0.0,0.0
2020-11-01,57.0,40.5,49.0,0.311,0.0
2020-11-02,44.0,37.5,40.9,0.02,0.0
2020-11-03,54.1,39.5,46.3,0.0,0.0
2020-11-04,62.1,39.4,49.4,0.0,0.0
2020-11-05,66.0,45.0,54.1,0.0,0.0
2020-11-06,68.7,49.3,56.9,0.0,0.0
2020-11-07,71.3,46.3,57.7,0.0,0.0
2020-11-08,71.1,46.2,56.5,0.0,0.0
2020-11-09,71.0,46.3,56.1,0.0,0.0
2020-11-10,71.2,52.8,60.2,0.0,0.0
2020-11-11,71.5,59.9,64.3,0.575,0.0
2020-11-12,65.4,47.5,55.9,0.433,0.0
2020-11-13,52.3,43.1,48.1,0.142,0.0
2020-11-14,52.4,39.8,45.5,0.0,0.0
2020-11-15,63.4,36.5,49.6,0.236,0.0
2020-11-16,52.6,40.7,47.9,0.004,0.0
2020-11-17,47.8,37.0,41.4,0.051,0.0
2020-11-18,35.9,29.4,33.4,0.0,0.0
2020-11-19,45.2,27.3,36.7,0.0,0.0
2020-11-20,58.7,41.5,48.7,0.0,0.0
2020-11-21,60.4,44.1,51.8,0.0,0.0
2020-11-22,55.0,40.6,46.9,0.004,0.0
2020-11-23,57.2,41.1,50.6,0.626,0.0
2020-11-24,47.3,37.4,41.7,0.0,0.0
2020-11-25,53.3,39.5,46.3,0.016,0.0
2020-11-26,63.0,48.9,55.3,0.5,0.0
2020-11-27,60.9,44.0,50.9,0.0,0.0
2020-11-28,55.7,40.5,47.5,0.0,0.0
2020-11-29,51.8,35.5,42.8,0.0,0.0
2020-11-30,62.0,40.4,54.1,1.409,0.0
2020-12-01,58.6,38.1,48.9,0.035,0.0
2020-12-02,44.6,35.0,39.1,0.0,0.0
2020-12-03,49.7,33.0,40.4,0.004,0.0
2020-12-04,52.7,40.1,45.0,0.154,0.0
2020-12-05,44.6,38.7,42.6,0.882,0.0
2020-12-06,39.1,33.2,36.4,0.0,0.0
2020-12-07,39.8,28.9,33.6,0.0,0.0
2020-12-08,38.6,29.7,32.8,0.0,0.0
2020-12-09,39.5,28.1,33.7,0.02,0.083
2020-12-10,48.9,32.4,39.7,0.0,0.0
2020-12-11,52.3,31.6,40.3,0.0,0.0
2020-12-12,54.9,36.5,46.3,0.031,0.0
2020-12-13,58.6,42.4,49.7,0.004,0.0
2020-12-14,40.3,35.4,38.0,0.264,0.0
2020-12-15,38.9,29.0,33.6,0.0,0.0
2020-12-16,33.4,24.8,28.8,0.484,3.39
2020-12-17,33.1,24.2,27.7,0.705,4.823
2020-12-18,28.9,18.8,23.3,0.0,0.0
2020-12-19,29.1,14.9,20.9,0.0,0.0
2020-12-20,37.9,18.9,30.1,0.031,0.165
2020-12-21,38.0,30.3,33.9,0.0,0.0
2020-12-22,42.3,30.6,35.8,0.0,0.0
2020-12-23,38.0,24.0,34.4,0.0,0.0
2020-12-24,58.1,37.8,50.8,0.193,0.0
2020-12-25,58.6,30.3,48.7,1.409,0.0
2020-12-26,31.8,23.1,27.2,0.0,0.0
2020-12-27,37.1,23.8,29.3,0.0,0.0
2020-12-28,49.2,31.2,40.0,0.0,0.0
2020-12-29,38.7,26.9,34.4,0.0,0.0
2020-12-30,39.2,25.5,32.7,0.0,0.0
2020-12-31,47.5,33.9,42.7,0.382,0.0
2021-01-01,38.8,27.7,33.8,0.319,0.0
2021-01-02,50.1,34.8,41.8,0.161,0.0
2021-01-03,38.8,30.1,35.0,0.256,0.028
2021-01-04,44.2,33.4,37.3,0.059,0.055
2021-01-05,41.2,33.9,36.7,0.0,0.0
2021-01-06,40.8,30.2,35.3,0.0,0.0
2021-01-07,43.1,29.1,34.2,0.0,0.0
2021-01-08,41.8,25.7,31.9,0.0,0.0
2021-01-09,35.8,24.9,30.7,0.0,0.0
2021-01-10,41.7,27.0,32.4,0.0,0.0
2021-01-11,36.1,24.1,29.2,0.0,0.0
2021-01-12,42.8,27.2,32.8,0.0,0.0
2021-01-13,43.4,25.4,33.3,0.0,0.0
2021-01-14,48.4,31.0,37.7,0.0,0.0
2021-01-15,46.3,30.7,38.5,0.102,0.0
2021-01-16,46.9,35.6,42.3,0.858,0.0
2021-01-17,45.7,32.2,38.3,0.0,0.0
2021-01-18,44.2,32.5,37.6,0.0,0.0
2021-01-19,40.9,29.3,34.8,0.0,0.0
2021-01-20,40.4,25.9,32.3,0.039,0.276
2021-01-21,42.0,23.5,31.3,0.0,0.0
2021-01-22,44.4,30.7,36.7,0.0,0.0
2021-01-23,31.8,24.1,28.0,0.0,0.0
2021-01-24,32.6,22.2,26.6,0.0,0.0
2021-01-25,38.6,23.5,29.6,0.0,0.0
2021-01-26,34.8,29.6,32.0,0.177,1.075
2021-01-27,39.9,28.2,34.4,0.024,0.0
2021-01-28,32.5,20.6,27.3,0.0,0.0
2021-01-29,25.1,15.6,20.0,0.0,0.0
2021-01-30,33.9,16.2,22.9,0.0,0.0
2021-01-31,27.1,18.1,22.6,0.102,0.717
2021-02-01,33.4,24.4,29.2,1.52,10.638
2021-02-02,34.8,28.9,32.0,0.161,1.102
2021-02-03,34.7,28.3,31.3,0.004,0.028
2021-02-04,38.3,26.0,30.5,0.0,0.0
2021-02-05,41.2,26.7,34.8,0.087,0.165
2021-02-06,39.7,23.2,31.4,0.0,0.0
2021-02-07,32.4,23.7,29.1,0.303,2.094
2021-02-08,26.0,12.7,19.4,0.0,0.0
2021-02-09,33.8,14.5,24.8,0.079,0.331
2021-02-10,32.5,15.6,25.0,0.004,0.028
2021-02-11,32.8,23.1,27.1,0.177,1.24
2021-02-12,27.3,11.3,21.1,0.0,0.0
2021-02-13,27.3,18.6,23.8,0.051,0.193
2021-02-14,36.6,27.3,30.8,0.02,0.0
2021-02-15,33.1,27.6,30.7,0.051,0.0
2021-02-16,47.5,30.9,40.6,1.232,0.0
2021-02-17,30.1,19.9,24.7,0.0,0.0
2021-02-18,27.8,22.9,25.3,0.52,3.638
2021-02-19,31.4,26.1,29.2,0.213,1.488
2021-02-20,32.2,22.5,28.3,0.0,0.0
2021-02-21,33.2,17.1,24.1,0.0,0.0
2021-02-22,36.7,18.3,30.1,0.547,1.626
2021-02-23,42.7,29.3,36.4,0.024,0.0
2021-02-24,52.3,30.7,40.3,0.0,0.0
2021-02-25,46.8,30.0,41.0,0.0,0.0
2021-02-26,43.4,26.5,34.5,0.0,0.0
2021-02-27,53.6,35.4,42.9,0.453,0.0
2021-02-28,46.4,32.9,40.1,0.205,0.0
2021-03-01,48.4,35.4,42.3,0.303,0.0
2021-03-02,32.6,19.5,26.3,0.0,0.0
2021-03-03,51.5,27.0,37.7,0.0,0.0
2021-03-04,42.7,27.6,35.9,0.0,0.0
2021-03-05,36.2,20.6,28.2,0.0,0.0
2021-03-06,35.0,23.5,29.8,0.0,0.0
2021-03-07,40.4,23.1,30.6,0.0,0.0
2021-03-08,43.2,20.6,31.2,0.0,0.0
2021-03-09,61.3,32.7,46.1,0.0,0.0
2021-03-10,51.2,30.3,40.6,0.0,0.0
2021-03-11,68.4,37.0,51.8,0.0,0.0
2021-03-12,66.1,49.8,56.9,0.004,0.0
2021-03-13,49.5,29.7,40.4,0.0,0.0
2021-03-14,50.6,31.2,40.9,0.0,0.0
2021-03-15,37.5,21.5,29.5,0.0,0.0
2021-03-16,36.8,25.3,31.3,0.004,0.028
2021-03-17,46.4,32.8,39.3,0.0,0.0
2021-03-18,45.9,39.6,42.8,0.697,0.0
2021-03-19,42.5,28.0,35.6,0.142,0.165
2021-03-20,55.0,25.7,38.6,0.0,0.0
2021-03-21,59.5,31.4,42.7,0.0,0.0
2021-03-22,56.0,30.7,43.4,0.0,0.0
2021-03-23,61.3,35.0,46.3,0.0,0.0
2021-03-24,56.0,39.7,48.7,1.169,0.0
2021-03-25,67.5,48.2,53.9,0.071,0.0
2021-03-26,78.5,49.9,61.7,0.075,0.0
2021-03-27,64.0,44.3,53.5,0.0,0.0
2021-03-28,66.6,46.4,53.8,0.657,0.0
2021-03-29,53.2,39.7,47.0,0.0,0.0
2021-03-30,55.0,33.4,45.8,0.0,0.0
2021-03-31,62.5,45.7,53.8,0.528,0.0
2021-04-01,52.4,37.8,45.8,0.268,0.0
2021-04-02,38.8,26.2,33.9,0.0,0.0
2021-04-03,52.0,28.4,39.4,0.0,0.0
2021-04-04,60.9,38.8,49.2,0.0,0.0
2021-04-05,64.9,42.7,53.2,0.0,0.0
2021-04-06,65.4,41.5,52.4,0.0,0.0
2021-04-07,68.3,44.3,53.8,0.047,0.0
2021-04-08,64.5,41.6,53.0,0.0,0.0
2021-04-09,54.4,42.5,48.0,0.0,0.0
2021-04-10,61.9,46.7,53.9,0.051,0.0
2021-04-11,58.6,47.9,53.8,1.091,0.0
2021-04-12,48.6,44.4,46.5,0.5,0.0
2021-04-13,65.5,42.9,51.9,0.185,0.0
2021-04-14,68.4,42.7,55.2,0.0,0.0
2021-04-15,55.7,46.2,51.8,0.591,0.0
2021-04-16,54.3,38.9,46.2,0.075,0.0
2021-04-17,54.0,41.4,47.7,0.012,0.0
2021-04-18,60.1,42.0,51.3,0.0,0.0
2021-04-19,62.8,42.7,52.7,0.0,0.0
2021-04-20,71.2,43.9,57.9,0.0,0.0
2021-04-21,65.2,39.5,53.6,0.087,0.0
2021-04-22,46.9,34.8,41.1,0.0,0.0
2021-04-23,60.4,35.9,48.5,0.0,0.0
2021-04-24,68.4,41.6,55.6,0.0,0.0
2021-04-25,62.3,47.7,53.8,0.512,0.0
2021-04-26,57.4,38.8,48.8,0.0,0.0
2021-04-27,58.6,39.3,49.7,0.024,0.055
2021-04-28,81.1,46.9,62.3,0.0,0.0
2021-04-29,73.5,54.9,64.4,0.114,0.0
2021-04-30,67.6,46.4,60.9,0.016,0.0
2021-05-01,63.7,41.5,51.8,0.0,0.0
2021-05-02,79.6,52.6,65.2,0.0,0.0
2021-05-03,61.4,53.2,58.0,0.244,0.0
2021-05-04,72.4,52.6,59.0,0.429,0.0
2021-05-05,60.1,51.8,54.8,0.362,0.0
2021-05-06,63.6,48.0,55.6,0.0,0.0
2021-05-07,62.1,46.4,53.8,0.0,0.0
2021-05-08,53.1,46.3,50.2,0.106,0.0
2021-05-09,62.7,42.7,50.9,0.327,0.0
2021-05-10,59.5,46.9,52.5,0.114,0.0
2021-05-11,62.7,46.9,54.4,0.012,0.0
2021-05-12,64.6,42.9,53.7,0.0,0.0
2021-05-13,67.0,45.6,57.1,0.0,0.0
2021-05-14,72.0,45.9,59.8,0.0,0.0
2021-05-15,73.2,47.3,61.9,0.0,0.0
2021-05-16,71.5,50.5,62.0,0.0,0.0
2021-05-17,73.7,49.6,62.3,0.0,0.0
2021-05-18,80.1,52.3,67.1,0.0,0.0
2021-05-19,83.9,55.9,70.0,0.0,0.0
2021-05-20,71.2,54.8,62.2,0.0,0.0
2021-05-21,73.9,53.5,63.8,0.0,0.0
2021-05-22,87.8,62.5,75.6,0.0,0.0
2021-05-23,89.2,67.6,77.6,0.0,0.0
2021-05-24,66.6,57.2,61.2,0.0,0.0
2021-05-25,71.2,56.0,63.8,0.0,0.0
2021-05-26,85.1,63.8,73.9,0.071,0.0
2021-05-27,82.3,65.8,73.3,0.102,0.0
2021-05-28,66.4,51.2,59.1,1.004,0.0
2021-05-29,52.3,47.6,50.0,1.106,0.0
2021-05-30,53.2,47.5,50.1,0.555,0.0
2021-05-31,69.3,49.3,57.5,0.031,0.0
2021-06-01,75.2,49.6,62.6,0.0,0.0
2021-06-02,71.4,55.0,63.5,0.0,0.0
2021-06-03,72.8,56.0,64.3,0.543,0.0
2021-06-04,78.1,64.1,69.8,0.201,0.0
2021-06-05,89.2,63.2,75.7,0.0,0.0
2021-06-06,89.0,68.7,78.6,0.0,0.0
2021-06-07,86.9,69.8,77.9,0.012,0.0
2021-06-08,86.7,71.7,77.7,0.228,0.0
2021-06-09,87.2,70.9,78.4,0.055,0.0
2021-06-10,80.1,62.8,72.8,0.008,0.0
2021-06-11,69.7,60.0,64.1,0.02,0.0
2021-06-12,70.8,61.3,65.6,0.016,0.0
2021-06-13,74.8,58.9,66.0,0.004,0.0
2021-06-14,70.7,64.0,66.7,0.701,0.0
2021-06-15,78.2,63.6,70.0,0.024,0.0
2021-06-16,74.3,59.9,67.4,0.0,0.0
2021-06-17,75.6,54.6,65.8,0.0,0.0
2021-06-18,81.9,56.4,69.8,0.0,0.0
2021-06-19,90.5,67.5,75.9,0.079,0.0
2021-06-20,84.9,63.4,73.7,0.012,0.0
2021-06-21,82.4,71.2,76.8,0.02,0.0
2021-06-22,76.5,59.6,69.4,0.346,0.0
2021-06-23,74.1,54.6,64.6,0.0,0.0
2021-06-24,73.3,56.8,65.5,0.0,0.0
2021-06-25,75.9,60.9,67.4,0.0,0.0
2021-06-26,79.6,65.8,73.2,0.071,0.0
2021-06-27,85.0,72.1,78.5,0.02,0.0
2021-06-28,91.0,73.6,81.9,0.0,0.0
2021-06-29,92.7,75.6,83.7,0.0,0.0
2021-06-30,96.1,77.2,86.0,0.0,0.0
2021-07-01,83.8,71.7,77.2,0.902,0.0
2021-07-02,76.3,68.3,72.0,1.102,0.0
2021-07-03,67.5,62.2,64.2,0.657,0.0
2021-07-04,77.5,60.5,68.8,0.067,0.0
2021-07-05,79.7,64.8,73.2,0.008,0.0
2021-07-06,92.3,71.9,79.9,0.024,0.0
2021-07-07,89.6,72.0,80.5,0.039,0.0
2021-07-08,82.7,70.9,76.6,0.48,0.0
2021-07-09,86.4,71.6,76.8,1.465,0.0
2021-07-10,78.9,69.9,74.2,0.039,0.0
2021-07-11,76.8,68.3,72.8,0.098,0.0
2021-07-12,83.6,72.4,77.0,0.638,0.0
2021-07-13,78.7,70.3,73.6,0.071,0.0
2021-07-14,87.4,71.2,77.2,0.051,0.0
2021-07-15,85.2,70.4,78.6,0.004,0.0
2021-07-16,90.7,74.3,82.2,0.016,0.0
2021-07-17,87.6,74.5,80.6,0.343,0.0
2021-07-18,83.6,74.1,77.7,0.591,0.0
2021-07-19,82.2,70.0,75.5,0.008,0.0
2021-07-20,88.3,70.3,78.4,0.0,0.0
2021-07-21,82.9,70.3,75.5,0.209,0.0
2021-07-22,80.5,64.3,72.8,0.0,0.0
2021-07-23,79.7,63.8,72.7,0.0,0.0
2021-07-24,80.5,65.0,73.1,0.0,0.0
2021-07-25,84.0,68.3,76.1,0.311,0.0
2021-07-26,89.6,71.3,79.3,0.0,0.0
2021-07-27,87.4,67.3,77.3,0.004,0.0
2021-07-28,80.9,69.0,74.3,0.043,0.0
2021-07-29,78.2,67.9,72.6,1.268,0.0
2021-07-30,82.6,67.2,74.2,0.0,0.0
2021-07-31,78.9,58.4,67.9,0.0,0.0
2021-08-01,75.8,61.9,70.8,0.028,0.0
2021-08-02,80.2,63.4,71.0,0.0,0.0
2021-08-03,75.9,60.6,69.1,0.0,0.0
2021-08-04,76.4,64.0,70.2,0.031,0.0
2021-08-05,81.0,63.8,71.2,0.004,0.0
2021-08-06,84.0,63.1,75.1,0.0,0.0
2021-08-07,85.7,67.6,76.6,0.0,0.0
2021-08-08,73.2,66.3,70.1,0.52,0.0
2021-08-09,79.8,68.6,73.5,0.028,0.0
2021-08-10,81.3,68.9,75.5,0.232,0.0
2021-08-11,89.5,73.8,80.3,0.134,0.0
2021-08-12,95.5,73.6,83.3,0.0,0.0
2021-08-13,91.8,76.8,83.6,0.0,0.0
2021-08-14,89.0,75.9,81.2,0.205,0.0
2021-08-15,82.1,68.9,74.9,0.0,0.0
2021-08-16,80.2,68.4,73.5,0.0,0.0
2021-08-17,79.4,71.9,75.1,0.091,0.0
2021-08-18,80.9,70.3,76.2,0.075,0.0
2021-08-19,87.0,74.5,79.8,0.327,0.0
2021-08-20,80.3,72.1,76.5,0.071,0.0
2021-08-21,81.1,72.0,76.6,0.047,0.0
2021-08-22,74.8,72.5,73.7,2.65,0.0
2021-08-23,83.8,71.7,76.5,1.382,0.0
2021-08-24,87.9,71.6,79.0,0.0,0.0
2021-08-25,88.6,68.5,78.8,0.0,0.0
2021-08-26,89.7,73.0,80.6,0.004,0.0
2021-08-27,90.6,74.6,81.3,0.063,0.0
2021-08-28,79.0,68.5,73.7,0.13,0.0
2021-08-29,76.4,66.8,71.6,0.079,0.0
2021-08-30,83.9,71.2,76.6,0.205,0.0
2021-08-31,84.2,70.5,76.6,0.0,0.0
2021-09-01,74.1,65.3,70.8,4.39,0.0
2021-09-02,76.3,59.6,67.2,0.882,0.0
2021-09-03,71.8,57.9,65.1,0.0,0.0
2021-09-04,77.3,58.9,67.6,0.0,0.0
2021-09-05,76.5,62.8,69.8,0.047,0.0
2021-09-06,81.0,66.7,72.8,0.0,0.0
2021-09-07,79.2,60.1,69.6,0.0,0.0
2021-09-08,80.1,67.9,74.0,0.024,0.0
2021-09-09,73.3,67.9,70.3,0.764,0.0
2021-09-10,73.7,61.3,67.4,0.0,0.0
2021-09-11,76.9,56.3,66.8,0.0,0.0
2021-09-12,84.5,65.5,73.6,0.0,0.0
2021-09-13,84.7,71.4,77.2,0.063,0.0
2021-09-14,78.6,67.0,72.0,0.004,0.0
2021-09-15,86.2,69.6,76.8,0.031,0.0
2021-09-16,75.6,67.0,71.1,0.157,0.0
2021-09-17,75.0,68.6,71.4,0.063,0.0
2021-09-18,81.5,67.0,73.8,0.016,0.0
2021-09-19,74.8,62.7,69.0,0.0,0.0
2021-09-20,73.2,59.5,66.1,0.012,0.0
2021-09-21,73.9,62.6,68.6,0.004,0.0
2021-09-22,77.5,67.7,73.0,0.193,0.0
2021-09-23,79.3,64.1,73.8,0.724,0.0
2021-09-24,72.6,60.3,65.9,1.031,0.0
2021-09-25,73.1,57.4,65.2,0.0,0.0
2021-09-26,70.9,60.4,65.0,0.0,0.0
2021-09-27,79.1,58.7,68.0,0.0,0.0
2021-09-28,72.8,62.1,67.7,0.602,0.0
2021-09-29,68.6,53.1,60.6,0.004,0.0
2021-09-30,66.6,56.0,60.0,0.0,0.0
2021-10-01,67.4,49.7,58.0,0.0,0.0
2021-10-02,75.3,51.7,62.1,0.0,0.0
2021-10-03,79.1,55.6,66.5,0.0,0.0
2021-10-04,70.4,62.4,67.2,0.898,0.0
2021-10-05,68.3,59.6,63.0,0.0,0.0
2021-10-06,69.1,61.3,64.4,0.0,0.0
2021-10-07,72.7,61.3,65.9,0.016,0.0
2021-10-08,75.4,57.5,65.8,0.0,0.0
2021-10-09,68.8,59.8,63.8,0.016,0.0
2021-10-10,66.3,62.1,63.6,0.11,0.0
2021-10-11,71.1,61.8,65.0,0.0,0.0
2021-10-12,71.1,60.0,64.0,0.0,0.0
2021-10-13,71.3,59.4,64.7,0.004,0.0
2021-10-14,77.4,59.8,67.2,0.0,0.0
2021-10-15,77.4,59.2,67.7,0.0,0.0
2021-10-16,76.6,59.5,68.6,0.701,0.0
2021-10-17,63.7,52.4,57.4,0.008,0.0
2021-10-18,61.1,48.7,53.9,0.0,0.0
2021-10-19,66.7,47.2,56.6,0.0,0.0
2021-10-20,76.0,57.0,64.6,0.0,0.0
2021-10-21,73.9,53.6,63.1,0.0,0.0
2021-10-22,68.8,58.0,63.6,0.0,0.0
2021-10-23,61.4,51.4,55.6,0.016,0.0
2021-10-24,60.3,45.5,53.8,0.028,0.0
2021-10-25,74.0,57.4,65.4,0.429,0.0
2021-10-26,63.1,56.9,60.6,3.102,0.0
2021-10-27,61.4,54.1,57.3,0.268,0.0
2021-10-28,59.5,46.9,53.1,0.0,0.0
2021-10-29,57.9,48.1,53.1,0.366,0.0
2021-10-30,64.3,54.6,60.2,0.264,0.0
2021-10-31,65.3,54.7,58.6,0.232,0.0
2021-11-01,58.6,46.5,53.4,0.0,0.0
2021-11-02,52.9,45.1,49.1,0.028,0.0
2021-11-03,52.0,38.7,44.7,0.004,0.0
2021-11-04,50.0,37.2,43.9,0.0,0.0
2021-11-05,51.5,38.3,43.8,0.0,0.0
2021-11-06,51.3,37.8,44.6,0.0,0.0
2021-11-07,53.7,37.2,44.8,0.0,0.0
2021-11-08,62.2,44.2,51.5,0.0,0.0
2021-11-09,67.5,43.0,53.3,0.0,0.0
2021-11-10,63.5,46.2,54.8,0.016,0.0
2021-11-11,59.5,39.5,50.4,0.016,0.0
2021-11-12,65.7,47.9,59.6,0.634,0.0
2021-11-13,61.3,41.1,48.7,0.15,0.0
2021-11-14,47.5,37.6,43.1,0.028,0.0
2021-11-15,47.9,36.0,42.3,0.043,0.0
2021-11-16,49.6,35.8,41.7,0.0,0.0
2021-11-17,54.5,33.0,45.5,0.0,0.0
2021-11-18,66.5,49.5,56.4,0.102,0.0
2021-11-19,49.9,38.9,44.6,0.118,0.0
2021-11-20,44.4,32.7,39.9,0.0,0.0
2021-11-21,53.8,40.9,47.2,0.028,0.0
2021-11-22,52.7,36.9,47.6,0.055,0.0
2021-11-23,42.3,31.7,36.3,0.02,0.11
2021-11-24,45.1,29.6,36.2,0.0,0.0
2021-11-25,52.7,34.3,43.0,0.0,0.0
2021-11-26,45.8,35.4,42.7,0.331,0.0
2021-11-27,40.6,33.3,36.2,0.0,0.0
2021-11-28,40.5,32.9,36.1,0.079,0.551
2021-11-29,43.0,31.2,37.6,0.012,0.0
2021-11-30,40.9,27.8,34.6,0.008,0.0
2021-12-01,47.8,34.3,40.1,0.004,0.0
2021-12-02,56.8,42.6,50.4,0.083,0.0
2021-12-03,49.2,34.3,42.2,0.0,0.0
2021-12-04,47.5,33.0,40.1,0.0,0.0
2021-12-05,46.0,32.4,40.1,0.0,0.0
2021-12-06,61.7,47.4,54.4,0.217,0.0
2021-12-07,48.1,33.7,38.7,0.004,0.0
2021-12-08,40.9,33.3,37.1,0.02,0.0
2021-12-09,38.9,29.0,34.5,0.0,0.0
2021-12-10,47.7,35.4,41.8,0.0,0.0
2021-12-11,63.7,41.3,54.0,0.236,0.0
2021-12-12,55.1,38.4,44.4,0.035,0.0
2021-12-13,50.9,36.0,42.2,0.0,0.0
2021-12-14,51.2,36.3,43.0,0.0,0.0
2021-12-15,50.9,34.8,43.2,0.039,0.0
2021-12-16,58.6,50.1,53.4,0.0,0.0
2021-12-17,57.8,43.3,53.1,0.0,0.0
2021-12-18,44.6,40.4,42.3,0.146,0.0
2021-12-19,45.4,29.5,39.1,0.016,0.0
2021-12-20,35.6,24.4,30.1,0.0,0.0
2021-12-21,42.4,28.4,34.8,0.004,0.0
2021-12-22,46.9,32.5,40.0,0.161,0.0
2021-12-23,36.4,28.3,32.3,0.0,0.0
2021-12-24,42.7,29.5,34.9,0.079,0.551
2021-12-25,48.6,33.2,42.1,0.185,0.0
2021-12-26,48.1,38.0,43.7,0.008,0.0
2021-12-27,37.1,29.8,34.4,0.067,0.22
2021-12-28,47.5,37.2,41.6,0.016,0.0
2021-12-29,46.3,40.0,42.0,0.417,0.0
2021-12-30,47.8,41.3,43.9,0.122,0.0
2021-12-31,52.4,44.3,47.8,0.047,0.0
2022-01-01,53.2,45.8,49.5,0.685,0.0
2022-01-02,56.9,37.2,49.4,0.705,0.0
2022-01-03,36.1,24.7,30.1,0.075,0.524
2022-01-04,33.5,20.6,26.6,0.0,0.0
2022-01-05,45.0,28.6,35.9,0.012,0.0
2022-01-06,39.8,32.2,35.6,0.0,0.0
2022-01-07,31.9,22.2,29.1,0.354,2.48
2022-01-08,27.8,16.3,21.7,0.0,0.0
2022-01-09,39.5,23.4,32.9,0.197,0.0
2022-01-10,39.7,25.2,29.7,0.0,0.0
2022-01-11,24.8,16.8,19.6,0.0,0.0
2022-01-12,40.7,19.0,28.6,0.0,0.0
2022-01-13,44.9,26.4,33.9,0.0,0.0
2022-01-14,41.5,24.3,35.1,0.0,0.0
2022-01-15,23.0,12.5,17.8,0.0,0.0
2022-01-16,36.1,8.6,20.4,0.181,0.744
2022-01-17,48.9,32.7,38.6,1.409,0.055
2022-01-18,36.1,23.3,30.5,0.0,0.0
2022-01-19,46.1,24.5,35.4,0.0,0.0
2022-01-20,41.9,22.7,33.7,0.28,0.689
2022-01-21,23.1,11.9,17.7,0.0,0.0
2022-01-22,29.8,10.6,19.9,0.0,0.0
2022-01-23,37.4,21.5,28.3,0.012,0.083
2022-01-24,32.9,27.2,29.8,0.008,0.055
2022-01-25,44.0,25.6,35.0,0.0,0.0
2022-01-26,27.0,18.4,22.9,0.0,0.0
2022-01-27,32.1,15.6,22.8,0.0,0.0
2022-01-28,33.6,27.0,30.2,0.098,0.689
2022-01-29,29.1,9.6,17.0,0.732,5.154
2022-01-30,21.3,7.7,13.6,0.0,0.0
2022-01-31,26.3,1.0,13.0,0.0,0.0
2022-02-01,29.6,8.2,19.1,0.0,0.0
2022-02-02,38.8,19.4,30.0,0.0,0.0
2022-02-03,49.3,36.5,41.3,0.492,0.0
2022-02-04,53.4,28.7,39.6,0.945,0.028
2022-02-05,29.2,20.1,24.9,0.016,0.11
2022-02-06,29.8,16.5,22.5,0.0,0.0
2022-02-07,37.0,24.0,32.1,0.181,0.193
2022-02-08,46.9,30.0,37.0,0.169,0.0
2022-02-09,41.0,23.8,32.6,0.0,0.0
2022-02-10,52.3,31.6,39.8,0.004,0.0
2022-02-11,54.3,25.8,40.3,0.0,0.0
2022-02-12,56.6,43.2,50.0,0.0,0.0
2022-02-13,41.5,26.7,32.5,0.224,1.571
2022-02-14,26.4,14.1,19.8,0.0,0.0
2022-02-15,31.9,15.8,22.8,0.0,0.0
2022-02-16,43.6,23.4,33.6,0.0,0.0
2022-02-17,63.0,41.9,52.5,0.075,0.0
2022-02-18,60.2,27.3,44.6,0.508,0.0
2022-02-19,38.9,22.4,29.6,0.016,0.11
2022-02-20,37.2,20.7,27.6,0.0,0.0
2022-02-21,50.2,28.9,37.2,0.0,0.0
2022-02-22,58.2,32.9,47.1,0.201,0.0
2022-02-23,66.6,38.9,56.3,0.004,0.0
2022-02-24,36.4,29.3,31.9,0.0,0.0
2022-02-25,44.4,28.7,34.3,0.787,0.772
2022-02-26,37.9,20.6,28.8,0.0,0.0
2022-02-27,46.9,25.6,35.2,0.0,0.0
2022-02-28,35.2,24.0,30.0,0.0,0.0
2022-03-01,43.1,25.7,35.9,0.008,0.0
2022-03-02,51.4,34.1,42.1,0.0,0.0
2022-03-03,42.2,27.2,37.9,0.138,0.0
2022-03-04,38.2,19.6,27.7,0.0,0.0
2022-03-05,42.1,24.3,34.3,0.004,0.0
2022-03-06,67.5,38.0,54.2,0.079,0.0
2022-03-07,73.9,52.3,63.8,0.142,0.0
2022-03-08,56.0,35.6,41.9,0.0,0.0
2022-03-09,39.2,34.2,36.1,0.606,2.067
2022-03-10,48.1,28.9,37.4,0.0,0.0
2022-03-11,51.4,31.1,40.6,0.0,0.0
2022-03-12,44.2,24.7,34.7,0.606,1.984
2022-03-13,37.6,21.4,28.4,0.008,0.055
2022-03-14,56.3,27.8,41.9,0.0,0.0
2022-03-15,60.7,38.0,49.2,0.0,0.0
2022-03-16,62.0,38.0,49.5,0.004,0.0
2022-03-17,54.0,39.3,46.9,0.26,0.0
2022-03-18,69.8,45.6,53.5,0.0,0.0
2022-03-19,64.2,44.5,54.9,0.13,0.0
2022-03-20,59.5,45.0,52.1,0.004,0.0
2022-03-21,60.7,41.4,50.0,0.0,0.0
2022-03-22,55.9,40.5,47.5,0.0,0.0
2022-03-23,46.6,35.1,40.9,0.118,0.0
2022-03-24,49.8,38.9,45.1,0.909,0.0
2022-03-25,61.1,40.7,50.1,0.24,0.0
2022-03-26,50.6,41.0,46.6,0.228,0.22
2022-03-27,46.3,31.2,39.5,0.012,0.0
2022-03-28,32.8,22.8,27.7,0.004,0.028
2022-03-29,38.2,23.1,30.8,0.0,0.0
2022-03-30,42.6,26.2,34.9,0.0,0.0
2022-03-31,66.5,39.0,56.3,0.197,0.0
2022-04-01,59.6,42.1,51.9,0.075,0.0
2022-04-02,52.4,34.9,42.8,0.0,0.0
2022-04-03,47.8,38.6,42.8,0.138,0.0
2022-04-04,54.5,37.2,45.5,0.004,0.0
2022-04-05,54.1,34.6,44.3,0.075,0.0
2022-04-06,55.1,43.8,48.3,0.783,0.0
2022-04-07,52.5,43.1,47.9,2.291,0.0
2022-04-08,62.4,44.8,53.4,0.543,0.0
2022-04-09,57.5,41.7,48.9,0.22,0.0
2022-04-10,50.3,38.8,45.3,0.0,0.0
2022-04-11,55.3,36.0,45.8,0.0,0.0
2022-04-12,69.5,46.0,55.3,0.063,0.0
2022-04-13,65.4,45.4,56.3,0.0,0.0
2022-04-14,83.8,57.7,68.1,0.004,0.0
2022-04-15,67.7,43.5,57.1,0.004,0.0
2022-04-16,68.0,45.4,57.6,0.161,0.0
2022-04-17,50.7,39.7,45.4,0.024,0.0
2022-04-18,50.5,35.0,43.0,0.276,0.0
2022-04-19,52.6,40.8,46.6,1.087,0.0
2022-04-20,57.5,38.3,47.3,0.0,0.0
2022-04-21,55.7,40.9,49.1,0.012,0.0
2022-04-22,65.2,47.3,56.3,0.0,0.0
2022-04-23,58.6,44.1,50.7,0.0,0.0
2022-04-24,60.4,45.1,51.8,0.0,0.0
2022-04-25,58.4,43.3,50.5,0.0,0.0
2022-04-26,61.6,50.0,55.4,0.161,0.0
2022-04-27,56.1,41.4,50.2,0.031,0.0
2022-04-28,54.6,37.9,45.7,0.0,0.0
2022-04-29,59.9,38.0,48.9,0.0,0.0
2022-04-30,64.2,39.8,51.9,0.0,0.0
2022-05-01,65.8,41.9,53.2,0.039,0.0
2022-05-02,59.1,50.0,53.9,0.11,0.0
2022-05-03,65.4,45.3,53.1,0.0,0.0
2022-05-04,69.3,48.8,56.4,0.209,0.0
2022-05-05,71.6,52.3,60.8,0.0,0.0
2022-05-06,57.6,49.4,54.5,0.854,0.0
2022-05-07,51.1,44.5,47.8,1.126,0.0
2022-05-08,55.4,44.7,49.6,0.094,0.0
2022-05-09,65.9,42.8,54.2,0.0,0.0
2022-05-10,68.2,46.3,57.1,0.0,0.0
2022-05-11,70.3,47.9,58.5,0.0,0.0
2022-05-12,70.0,51.5,59.9,0.0,0.0
2022-05-13,70.7,57.1,61.7,0.071,0.0
2022-05-14,69.4,57.5,62.0,0.276,0.0
2022-05-15,76.7,58.1,64.5,0.039,0.0
2022-05-16,73.9,59.8,66.5,0.272,0.0
2022-05-17,73.9,53.2,64.2,0.0,0.0
2022-05-18,70.7,52.7,61.5,0.0,0.0
2022-05-19,71.6,54.7,60.3,0.555,0.0
2022-05-20,70.8,52.0,61.8,0.228,0.0
2022-05-21,90.1,61.3,73.8,0.0,0.0
2022-05-22,87.4,69.3,77.7,0.043,0.0
2022-05-23,72.8,60.3,66.8,0.0,0.0
2022-05-24,66.8,56.2,61.1,0.004,0.0
2022-05-25,66.6,52.3,58.5,0.0,0.0
2022-05-26,67.6,52.2,60.5,0.0,0.0
2022-05-27,74.9,61.5,67.6,0.484,0.0
2022-05-28,73.9,64.3,68.8,0.268,0.0
2022-05-29,76.5,57.1,66.9,0.0,0.0
2022-05-30,84.6,59.3,72.0,0.0,0.0
2022-05-31,92.8,69.9,81.0,0.0,0.0
2022-06-01,71.1,60.5,64.9,0.346,0.0
2022-06-02,80.6,61.1,69.5,0.295,0.0
2022-06-03,76.1,65.2,69.4,0.087,0.0
2022-06-04,79.8,56.4,68.2,0.0,0.0
2022-06-05,75.1,55.9,65.6,0.0,0.0
2022-06-06,79.1,55.9,68.0,0.0,0.0
2022-06-07,76.5,58.3,67.9,0.035,0.0
2022-06-08,85.1,66.8,73.4,0.016,0.0
2022-06-09,82.9,66.1,73.3,0.37,0.0
2022-06-10,79.3,59.2,69.1,0.0,0.0
2022-06-11,75.9,60.4,68.7,0.031,0.0
2022-06-12,73.1,61.0,66.6,0.327,0.0
2022-06-13,81.8,63.2,73.8,0.181,0.0
2022-06-14,82.3,66.2,72.8,0.0,0.0
2022-06-15,80.6,63.7,70.8,0.0,0.0
2022-06-16,73.8,63.9,68.3,0.516,0.0
2022-06-17,89.8,67.0,77.5,0.0,0.0
2022-06-18,71.6,60.3,66.8,0.0,0.0
2022-06-19,72.1,55.0,63.7,0.0,0.0
2022-06-20,79.8,55.8,67.7,0.0,0.0
2022-06-21,79.8,57.7,68.3,0.083,0.0
2022-06-22,68.9,62.6,65.6,0.106,0.0
2022-06-23,72.3,60.9,66.8,0.039,0.0
2022-06-24,78.8,58.8,69.6,0.024,0.0
2022-06-25,90.6,64.8,76.0,0.0,0.0
2022-06-26,87.6,68.2,76.9,0.0,0.0
2022-06-27,80.1,67.6,74.8,0.335,0.0
2022-06-28,82.3,66.7,72.5,0.008,0.0
2022-06-29,84.6,63.1,73.1,0.0,0.0
2022-06-30,89.2,63.6,75.7,0.0,0.0
2022-07-01,92.9,68.9,79.8,0.0,0.0
2022-07-02,86.6,73.5,78.6,0.575,0.0
2022-07-03,88.2,70.5,78.2,0.004,0.0
2022-07-04,86.4,64.6,75.6,0.0,0.0
2022-07-05,86.6,68.5,75.8,0.035,0.0
2022-07-06,89.4,71.4,80.2,0.004,0.0
2022-07-07,80.8,68.8,75.0,0.0,0.0
2022-07-08,84.3,67.5,74.6,0.055,0.0
2022-07-09,85.6,69.5,75.8,0.0,0.0
2022-07-10,81.2,65.8,73.0,0.0,0.0
2022-07-11,83.4,63.9,72.8,0.0,0.0
2022-07-12,93.2,67.2,79.6,0.024,0.0
2022-07-13,91.1,70.8,80.4,0.0,0.0
2022-07-14,89.0,71.1,79.6,0.012,0.0
2022-07-15,83.5,69.3,76.2,0.004,0.0
2022-07-16,82.1,68.6,74.4,0.516,0.0
2022-07-17,82.5,68.3,75.6,0.039,0.0
2022-07-18,86.4,72.6,77.5,0.512,0.0
2022-07-19,92.8,70.6,80.9,0.0,0.0
2022-07-20,93.3,72.6,82.9,0.0,0.0
2022-07-21,92.8,76.6,83.8,0.102,0.0
2022-07-22,93.7,71.1,81.8,0.0,0.0
2022-07-23,94.2,73.5,82.9,0.0,0.0
2022-07-24,96.9,75.5,86.1,0.0,0.0
2022-07-25,88.9,77.5,81.3,0.945,0.0
2022-07-26,84.2,68.3,76.7,0.004,0.0
2022-07-27,82.9,64.8,75.0,0.0,0.0
2022-07-28,87.4,72.1,79.1,0.051,0.0
2022-07-29,87.4,72.3,79.9,0.016,0.0
2022-07-30,90.1,72.1,79.7,0.031,0.0
2022-07-31,83.8,66.5,76.1,0.0,0.0
2022-08-01,79.4,69.6,74.2,0.291,0.0
2022-08-02,92.2,70.6,80.6,0.0,0.0
2022-08-03,90.6,70.5,78.3,0.0,0.0
2022-08-04,91.9,70.5,81.0,0.0,0.0
2022-08-05,91.3,73.8,82.5,0.016,0.0
2022-08-06,90.7,74.3,82.2,0.047,0.0
2022-08-07,93.8,74.8,83.1,0.201,0.0
2022-08-08,94.5,78.0,85.4,0.028,0.0
2022-08-09,99.6,79.3,86.3,0.28,0.0
2022-08-10,91.0,73.8,79.7,0.004,0.0
2022-08-11,90.2,73.8,79.7,0.031,0.0
2022-08-12,84.7,70.6,77.3,0.0,0.0
2022-08-13,81.0,64.1,71.9,0.0,0.0
2022-08-14,80.8,62.3,72.0,0.0,0.0
2022-08-15,81.5,64.7,72.8,0.004,0.0
2022-08-16,82.8,65.0,73.1,0.0,0.0
2022-08-17,80.8,65.1,72.8,0.008,0.0
2022-08-18,87.5,63.2,75.1,0.004,0.0
2022-08-19,89.1,64.2,76.3,0.0,0.0
2022-08-20,89.2,70.2,78.7,0.012,0.0
2022-08-21,82.2,68.2,75.4,0.0,0.0
2022-08-22,76.2,71.1,73.4,0.701,0.0
2022-08-23,84.6,69.7,75.5,0.228,0.0
2022-08-24,88.6,67.6,77.5,0.0,0.0
2022-08-25,89.2,67.0,77.9,0.0,0.0
2022-08-26,85.2,70.2,76.6,0.65,0.0
2022-08-27,85.6,68.7,77.2,0.0,0.0
2022-08-28,81.4,71.2,75.1,0.051,0.0
2022-08-29,83.5,70.3,76.5,0.008,0.0
2022-08-30,86.3,71.2,77.7,0.067,0.0
2022-08-31,84.2,69.4,76.0,0.024,0.0
2022-09-01,86.1,67.2,75.7,0.0,0.0
2022-09-02,77.3,60.6,68.9,0.0,0.0
2022-09-03,79.4,64.0,71.6,0.0,0.0
2022-09-04,86.6,68.7,76.0,0.051,0.0
2022-09-05,83.4,70.2,75.9,0.205,0.0
2022-09-06,72.4,68.6,70.7,1.252,0.0
2022-09-07,73.4,65.9,68.9,0.091,0.0
2022-09-08,75.3,64.7,69.4,0.004,0.0
2022-09-09,79.6,61.6,69.3,0.0,0.0
2022-09-10,81.6,59.9,70.5,0.0,0.0
2022-09-11,76.6,65.5,69.9,0.61,0.0
2022-09-12,82.4,69.1,73.7,0.402,0.0
2022-09-13,79.0,69.1,73.0,0.272,0.0
2022-09-14,80.5,60.7,69.7,0.0,0.0
2022-09-15,72.0,60.8,66.6,0.0,0.0
2022-09-16,75.7,53.6,64.3,0.0,0.0
2022-09-17,72.8,62.7,67.3,0.0,0.0
2022-09-18,84.5,63.1,72.8,0.0,0.0
2022-09-19,86.4,66.6,74.1,0.071,0.0
2022-09-20,78.7,64.4,70.9,0.0,0.0
2022-09-21,79.1,61.2,69.0,0.0,0.0
2022-09-22,77.8,58.3,67.8,0.295,0.0
2022-09-23,62.1,50.5,56.0,0.0,0.0
2022-09-24,69.5,49.5,58.0,0.0,0.0
2022-09-25,76.1,53.4,63.2,0.094,0.0
2022-09-26,74.8,56.2,65.0,0.0,0.0
2022-09-27,70.7,56.3,62.6,0.0,0.0
2022-09-28,70.0,50.8,60.6,0.0,0.0
2022-09-29,66.7,52.7,59.6,0.0,0.0
2022-09-30,62.3,51.4,57.1,0.004,0.0
2022-10-01,63.6,53.1,58.2,0.854,0.0
2022-10-02,59.3,51.1,55.6,0.496,0.0
2022-10-03,53.6,48.4,50.8,0.732,0.0
2022-10-04,55.1,47.0,51.3,7.37,0.0
2022-10-05,60.9,54.4,57.3,0.303,0.0
2022-10-06,73.0,52.1,60.8,0.0,0.0
2022-10-07,75.5,52.9,63.3,0.008,0.0
2022-10-08,58.8,45.1,53.2,0.02,0.0
2022-10-09,61.7,42.9,51.6,0.0,0.0
2022-10-10,68.0,45.4,55.7,0.0,0.0
2022-10-11,67.5,45.8,56.1,0.0,0.0
2022-10-12,66.7,48.6,57.8,0.0,0.0
2022-10-13,69.8,55.9,63.3,0.22,0.0
2022-10-14,66.8,51.0,57.3,0.335,0.0
2022-10-15,66.4,46.0,56.5,0.0,0.0
2022-10-16,64.0,50.2,55.7,0.0,0.0
2022-10-17,66.1,51.4,58.6,0.161,0.0
2022-10-18,56.8,45.4,51.4,0.028,0.0
2022-10-19,54.2,40.0,47.2,0.0,0.0
2022-10-20,58.0,41.8,49.4,0.0,0.0
2022-10-21,60.9,42.8,51.3,0.0,0.0
2022-10-22,64.0,43.2,53.0,0.0,0.0
2022-10-23,59.9,49.9,55.2,0.693,0.0
2022-10-24,61.7,53.8,57.5,0.476,0.0
2022-10-25,69.4,58.7,63.9,0.102,0.0
2022-10-26,70.3,60.4,65.0,0.016,0.0
2022-10-27,63.5,50.7,57.8,0.0,0.0
2022-10-28,55.6,44.2,49.3,0.0,0.0
2022-10-29,58.0,41.4,48.8,0.0,0.0
2022-10-30,61.2,39.9,49.4,0.0,0.0
2022-10-31,63.3,50.5,56.2,0.26,0.0
2022-11-01,67.6,55.7,60.3,0.295,0.0
2022-11-02,68.2,51.2,58.9,0.0,0.0
2022-11-03,64.2,47.4,54.3,0.0,0.0
2022-11-04,67.6,46.7,57.0,0.0,0.0
2022-11-05,73.5,59.0,65.0,0.0,0.0
2022-11-06,74.8,64.0,68.2,0.11,0.0
2022-11-07,75.1,58.3,67.5,0.031,0.0
2022-11-08,56.3,46.3,51.1,0.0,0.0
2022-11-09,51.0,39.9,45.4,0.0,0.0
2022-11-10,63.3,44.3,52.3,0.0,0.0
2022-11-11,66.0,53.2,60.8,0.996,0.0
2022-11-12,69.3,57.9,65.7,0.071,0.0
2022-11-13,57.4,42.9,51.1,0.114,0.0
2022-11-14,45.9,36.3,40.9,0.0,0.0
2022-11-15,46.0,34.8,40.0,0.236,0.0
2022-11-16,52.3,39.5,45.6,0.492,0.0
2022-11-17,47.0,35.9,40.3,0.0,0.0
2022-11-18,43.9,32.7,38.1,0.008,0.028
2022-11-19,40.0,29.2,34.9,0.0,0.0
2022-11-20,36.2,28.7,33.1,0.004,0.028
2022-11-21,39.6,25.8,32.7,0.0,0.0
2022-11-22,49.2,32.5,40.4,0.0,0.0
2022-11-23,53.2,34.8,42.7,0.0,0.0
2022-11-24,51.1,33.7,41.7,0.0,0.0
2022-11-25,53.7,40.6,45.9,0.15,0.0
2022-11-26,54.3,40.2,45.7,0.0,0.0
2022-11-27,57.0,41.4,48.4,0.48,0.0
2022-11-28,53.7,40.9,49.5,0.0,0.0
2022-11-29,43.3,32.5,38.0,0.0,0.0
2022-11-30,55.2,34.7,47.0,0.587,0.0
2022-12-01,43.2,32.9,37.8,0.0,0.0
2022-12-02,41.3,26.7,34.8,0.0,0.0
2022-12-03,56.2,39.7,50.0,0.346,0.0
2022-12-04,44.5,32.6,39.3,0.0,0.0
2022-12-05,43.8,27.5,35.7,0.0,0.0
2022-12-06,54.5,33.3,47.1,0.453,0.0
2022-12-07,58.2,52.5,55.0,0.413,0.0
2022-12-08,52.9,42.7,48.3,0.0,0.0
2022-12-09,44.8,33.5,38.3,0.0,0.0
2022-12-10,40.6,29.6,34.7,0.0,0.0
2022-12-11,39.7,34.0,37.2,0.421,0.799
2022-12-12,39.7,28.2,34.2,0.043,0.248
2022-12-13,40.9,24.2,30.5,0.0,0.0
2022-12-14,40.1,29.0,32.8,0.0,0.0
2022-12-15,40.6,29.6,35.8,0.681,0.0
2022-12-16,44.0,38.3,40.9,0.571,0.083
2022-12-17,44.6,33.8,39.0,0.012,0.0
2022-12-18,39.4,27.6,33.5,0.0,0.0
2022-12-19,38.6,28.1,32.6,0.0,0.0
2022-12-20,38.8,28.3,32.5,0.0,0.0
2022-12-21,37.6,25.0,30.7,0.0,0.0
2022-12-22,44.2,28.0,37.1,0.374,0.0
2022-12-23,55.0,9.2,38.2,0.906,0.165
2022-12-24,23.8,7.8,12.7,0.0,0.0
2022-12-25,29.2,14.0,20.7,0.0,0.0
2022-12-26,30.5,17.7,23.6,0.0,0.0
2022-12-27,37.2,23.2,29.2,0.0,0.0
2022-12-28,44.2,25.1,33.3,0.0,0.0
2022-12-29,47.5,30.3,37.2,0.0,0.0
2022-12-30,56.4,34.6,43.3,0.0,0.0
2022-12-31,52.0,42.7,47.7,0.248,0.0
2023-01-01,53.5,40.9,48.2,0.083,0.0
2023-01-02,55.1,40.2,46.2,0.02,0.0
2023-01-03,55.1,43.3,49.2,0.374,0.0
2023-01-04,64.4,49.2,55.6,0.091,0.0
2023-01-05,55.7,45.4,50.1,0.0,0.0
2023-01-06,47.7,37.9,43.2,0.378,0.0
2023-01-07,46.9,32.9,38.7,0.0,0.0
2023-01-08,39.7,27.9,34.4,0.0,0.0
2023-01-09,45.1,33.4,37.6,0.059,0.083
2023-01-10,43.3,32.2,36.8,0.0,0.0
2023-01-11,39.0,29.9,33.9,0.0,0.0
2023-01-12,49.6,31.0,41.5,0.469,0.0
2023-01-13,54.9,37.6,48.7,0.063,0.0
2023-01-14,37.2,31.1,33.9,0.0,0.0
2023-01-15,41.3,28.9,33.2,0.0,0.0
2023-01-16,46.8,27.8,34.8,0.0,0.0
2023-01-17,45.4,28.4,36.5,0.055,0.0
2023-01-18,51.4,37.3,44.0,0.067,0.0
2023-01-19,42.2,36.3,39.3,0.925,0.0
2023-01-20,48.2,35.3,41.8,0.024,0.0
2023-01-21,43.1,28.7,37.0,0.008,0.0
2023-01-22,42.1,25.9,34.6,0.213,0.0
2023-01-23,37.5,34.3,36.5,0.665,0.11
2023-01-24,46.0,30.1,36.2,0.0,0.0
2023-01-25,51.1,27.7,36.0,0.787,0.165
2023-01-26,53.4,37.3,45.5,0.571,0.0
2023-01-27,43.1,29.2,36.0,0.0,0.0
2023-01-28,51.6,30.6,39.9,0.0,0.0
2023-01-29,50.9,32.3,42.1,0.0,0.0
2023-01-30,53.1,36.4,43.1,0.0,0.0
2023-01-31,43.7,32.9,38.1,0.098,0.165
2023-02-01,37.8,26.2,30.9,0.063,0.441
2023-02-02,39.4,24.1,31.6,0.0,0.0
2023-02-03,32.5,12.8,24.1,0.0,0.0
2023-02-04,25.1,2.3,14.8,0.0,0.0
2023-02-05,48.5,23.5,34.5,0.0,0.0
2023-02-06,50.4,30.3,39.5,0.0,0.0
2023-02-07,38.7,24.7,32.7,0.102,0.055
2023-02-08,50.8,34.1,40.7,0.028,0.0
2023-02-09,52.1,28.9,40.5,0.0,0.0
2023-02-10,57.4,42.8,52.2,0.0,0.0
2023-02-11,44.2,32.8,38.6,0.0,0.0
2023-02-12,44.3,31.0,37.1,0.031,0.165
2023-02-13,56.0,36.5,43.9,0.071,0.138
2023-02-14,52.5,36.6,43.3,0.0,0.0
2023-02-15,62.6,37.5,50.3,0.0,0.0
2023-02-16,66.7,48.7,54.9,0.114,0.0
2023-02-17,59.7,32.6,49.5,0.319,0.0
2023-02-18,42.4,27.2,33.7,0.0,0.0
2023-02-19,46.7,31.4,39.3,0.0,0.0
2023-02-20,59.6,42.0,48.1,0.0,0.0
2023-02-21,47.0,35.6,40.0,0.28,0.165
2023-02-22,42.1,30.6,36.5,0.173,0.11
2023-02-23,46.0,36.8,40.2,0.024,0.0
2023-02-24,45.4,28.2,39.1,0.0,0.0
2023-02-25,32.5,22.0,26.6,0.028,0.193
2023-02-26,50.4,25.2,36.0,0.0,0.0
2023-02-27,40.9,28.1,34.9,0.15,1.02
2023-02-28,35.9,31.0,33.8,0.516,2.866
2023-03-01,42.5,27.5,35.5,0.134,0.689
2023-03-02,56.8,36.1,44.2,0.059,0.0
2023-03-03,45.5,29.2,38.0,0.11,0.0
2023-03-04,44.9,37.9,41.7,1.646,0.0
2023-03-05,54.1,31.3,41.9,0.0,0.0
2023-03-06,50.4,34.5,42.6,0.0,0.0
2023-03-07,45.4,34.1,38.7,0.106,0.689
2023-03-08,49.0,28.2,37.2,0.0,0.0
2023-03-09,50.8,31.1,39.8,0.0,0.0
2023-03-10,45.4,29.8,37.9,0.287,0.0
2023-03-11,44.6,35.2,39.6,0.516,0.524
2023-03-12,46.1,30.1,38.1,0.0,0.0
2023-03-13,42.6,38.6,40.4,0.657,0.0
2023-03-14,38.1,34.1,35.8,0.48,1.157
2023-03-15,44.7,33.5,37.9,0.0,0.0
2023-03-16,56.1,29.7,41.9,0.0,0.0
2023-03-17,57.8,36.5,47.3,0.0,0.0
2023-03-18,51.9,37.5,45.7,0.028,0.0
2023-03-19,38.8,27.1,34.1,0.0,0.0
2023-03-20,51.3,26.2,37.7,0.0,0.0
2023-03-21,60.4,30.3,45.4,0.0,0.0
2023-03-22,55.9,36.2,46.1,0.0,0.0
2023-03-23,58.9,41.5,51.3,0.11,0.0
2023-03-24,55.5,42.2,47.6,0.008,0.0
2023-03-25,45.5,37.3,42.1,0.453,0.0
2023-03-26,59.1,37.9,48.8,0.0,0.0
2023-03-27,58.7,36.6,46.1,0.102,0.0
2023-03-28,52.2,37.6,43.8,0.024,0.0
2023-03-29,51.8,31.9,41.5,0.0,0.0
2023-03-30,45.6,29.4,37.9,0.004,0.0
2023-03-31,50.1,30.6,42.7,0.0,0.0
2023-04-01,67.5,49.3,58.7,0.398,0.0
2023-04-02,51.2,37.9,44.5,0.0,0.0
2023-04-03,56.1,31.7,44.7,0.0,0.0
2023-04-04,65.7,42.7,55.9,0.0,0.0
2023-04-05,56.5,48.8,53.1,0.016,0.0
2023-04-06,79.7,51.2,61.9,0.13,0.0
2023-04-07,57.1,44.3,52.2,0.0,0.0
2023-04-08,50.7,35.2,42.9,0.0,0.0
2023-04-09,53.2,34.2,43.5,0.0,0.0
2023-04-10,64.1,36.0,48.4,0.0,0.0
2023-04-11,73.4,43.6,58.7,0.0,0.0
2023-04-12,81.5,60.0,68.8,0.0,0.0
2023-04-13,88.0,53.5,71.7,0.0,0.0
2023-04-14,85.3,56.9,71.6,0.0,0.0
2023-04-15,69.7,58.2,63.8,0.197,0.0
2023-04-16,69.7,54.1,60.4,0.0,0.0
2023-04-17,68.1,52.9,58.0,0.122,0.0
2023-04-18,58.0,44.8,52.3,0.004,0.0
2023-04-19,63.5,39.7,50.7,0.0,0.0
2023-04-20,60.6,42.4,50.8,0.0,0.0
2023-04-21,66.3,46.7,55.6,0.0,0.0
2023-04-22,67.6,49.8,57.7,0.618,0.0
2023-04-23,66.6,52.3,58.3,0.724,0.0
2023-04-24,61.2,43.3,52.2,0.0,0.0
2023-04-25,59.4,42.0,50.7,0.012,0.0
2023-04-26,57.0,43.1,50.0,0.035,0.0
2023-04-27,56.3,45.2,51.1,0.028,0.0
2023-04-28,55.5,44.2,49.7,0.24,0.0
2023-04-29,54.1,47.8,51.3,2.343,0.0
2023-04-30,58.8,50.9,55.0,0.874,0.0
2023-05-01,60.3,45.6,54.8,0.071,0.0
2023-05-02,56.2,47.1,50.7,0.031,0.0
2023-05-03,54.6,42.4,49.0,0.028,0.0
2023-05-04,58.0,43.4,50.4,0.067,0.0
2023-05-05,62.9,44.4,52.9,0.138,0.0
2023-05-06,69.9,43.9,57.6,0.0,0.0
2023-05-07,74.8,48.7,61.4,0.0,0.0
2023-05-08,74.7,55.1,64.7,0.0,0.0
2023-05-09,66.7,49.6,57.5,0.0,0.0
2023-05-10,70.2,44.9,57.8,0.0,0.0
2023-05-11,77.7,49.2,64.1,0.0,0.0
2023-05-12,85.2,55.4,70.0,0.0,0.0
2023-05-13,81.3,63.7,71.6,0.0,0.0
2023-05-14,73.2,54.7,63.7,0.0,0.0
2023-05-15,77.6,49.5,63.5,0.0,0.0
2023-05-16,82.0,55.0,68.5,0.0,0.0
2023-05-17,65.8,51.2,59.2,0.0,0.0
2023-05-18,57.7,44.3,52.0,0.0,0.0
2023-05-19,67.2,50.9,58.8,0.0,0.0
2023-05-20,63.7,56.5,60.5,1.059,0.0
2023-05-21,71.3,55.4,63.1,0.024,0.0
2023-05-22,73.4,54.1,62.3,0.008,0.0
2023-05-23,67.0,52.0,58.2,0.0,0.0
2023-05-24,71.4,49.8,60.1,0.028,0.0
2023-05-25,66.6,50.2,58.4,0.0,0.0
2023-05-26,72.1,50.1,61.0,0.0,0.0
2023-05-27,75.8,49.8,62.9,0.0,0.0
2023-05-28,74.6,53.0,63.9,0.0,0.0
2023-05-29,76.5,56.8,65.3,0.0,0.0
2023-05-30,68.6,53.2,60.2,0.0,0.0
2023-05-31,72.7,51.4,61.0,0.0,0.0
2023-06-01,81.3,54.1,67.1,0.0,0.0
2023-06-02,87.4,59.3,72.2,0.0,0.0
2023-06-03,68.3,57.4,65.1,0.138,0.0
2023-06-04,70.6,50.8,60.0,0.004,0.0
2023-06-05,75.2,52.8,64.1,0.0,0.0
2023-06-06,78.4,58.3,67.2,0.008,0.0
2023-06-07,77.2,55.9,65.9,0.0,0.0
2023-06-08,72.3,51.3,62.3,0.0,0.0
2023-06-09,73.1,53.1,62.4,0.035,0.0
2023-06-10,79.4,54.1,66.4,0.008,0.0
2023-06-11,80.9,61.5,70.3,0.0,0.0
2023-06-12,75.2,66.7,69.8,0.335,0.0
2023-06-13,79.5,61.1,69.8,0.0,0.0
2023-06-14,76.5,58.7,65.3,0.374,0.0
2023-06-15,79.2,59.0,68.8,0.0,0.0
2023-06-16,78.5,59.3,66.6,0.425,0.0
2023-06-17,77.8,58.6,68.0,0.004,0.0
2023-06-18,79.7,60.4,70.6,0.0,0.0
2023-06-19,77.5,61.3,68.9,0.055,0.0
2023-06-20,74.3,61.6,67.1,0.0,0.0
2023-06-21,73.2,59.9,65.8,0.012,0.0
2023-06-22,69.9,59.8,64.7,0.012,0.0
2023-06-23,73.2,62.7,67.7,0.488,0.0
2023-06-24,78.3,66.7,70.9,0.835,0.0
2023-06-25,83.4,65.6,73.4,0.075,0.0
2023-06-26,78.0,66.4,71.2,0.181,0.0
2023-06-27,79.4,66.9,71.2,0.736,0.0
2023-06-28,83.6,66.0,73.1,0.083,0.0
2023-06-29,83.6,61.3,72.2,0.0,0.0
2023-06-30,84.7,62.8,73.5,0.0,0.0
2023-07-01,80.4,63.9,72.6,0.0,0.0
2023-07-02,88.3,68.6,76.0,0.634,0.0
2023-07-03,88.1,72.2,78.0,0.701,0.0
2023-07-04,84.9,70.3,76.5,0.213,0.0
2023-07-05,90.1,69.9,79.3,0.0,0.0
2023-07-06,88.3,70.7,78.8,0.0,0.0
2023-07-07,85.5,71.3,77.4,0.024,0.0
2023-07-08,85.3,72.6,77.8,0.173,0.0
2023-07-09,80.5,70.8,73.8,0.728,0.0
2023-07-10,83.7,70.3,75.7,0.051,0.0
2023-07-11,89.2,62.8,76.6,0.0,0.0
2023-07-12,91.5,67.4,80.1,0.0,0.0
2023-07-13,89.4,70.3,80.5,0.008,0.0
2023-07-14,82.9,70.4,76.0,1.441,0.0
2023-07-15,85.1,68.8,76.6,0.315,0.0
2023-07-16,78.8,71.3,75.2,1.63,0.0
2023-07-17,89.2,68.1,78.0,0.004,0.0
2023-07-18,85.4,70.5,76.9,0.327,0.0
2023-07-19,81.6,65.8,73.4,0.15,0.0
2023-07-20,83.4,68.0,75.5,0.02,0.0
2023-07-21,85.2,71.3,75.8,0.138,0.0
2023-07-22,83.2,65.4,74.4,0.0,0.0
2023-07-23,86.2,63.2,75.0,0.02,0.0
2023-07-24,83.8,65.5,75.7,0.075,0.0
2023-07-25,83.7,66.7,73.8,0.354,0.0
2023-07-26,86.2,62.8,75.1,0.016,0.0
2023-07-27,93.0,72.1,81.0,0.028,0.0
2023-07-28,93.7,70.5,81.8,0.0,0.0
2023-07-29,93.0,74.0,82.1,0.169,0.0
2023-07-30,79.3,63.9,71.7,0.0,0.0
2023-07-31,85.1,60.0,72.8,0.0,0.0
2023-08-01,80.7,62.7,71.6,0.0,0.0
2023-08-02,82.0,58.2,69.7,0.0,0.0
2023-08-03,79.4,60.1,70.8,0.035,0.0
2023-08-04,81.5,65.2,73.6,0.035,0.0
2023-08-05,87.4,64.9,76.0,0.008,0.0
2023-08-06,85.8,64.7,75.5,0.0,0.0
2023-08-07,82.0,71.7,75.6,1.492,0.0
2023-08-08,80.9,70.9,75.0,0.598,0.0
2023-08-09,85.1,67.6,75.9,0.004,0.0
2023-08-10,77.9,65.8,71.6,0.469,0.0
2023-08-11,84.6,64.7,74.1,0.004,0.0
2023-08-12,82.7,62.9,73.0,0.339,0.0
2023-08-13,87.3,70.8,77.6,0.114,0.0
2023-08-14,87.6,65.8,76.2,0.051,0.0
2023-08-15,80.7,70.3,75.2,0.799,0.0
2023-08-16,79.9,69.4,73.3,0.157,0.0
2023-08-17,78.3,68.6,73.2,0.232,0.0
2023-08-18,80.5,67.4,74.7,0.122,0.0
2023-08-19,79.5,59.7,69.3,0.0,0.0
2023-08-20,85.8,59.4,72.8,0.0,0.0
2023-08-21,88.0,65.2,77.0,0.004,0.0
2023-08-22,79.0,64.3,71.9,0.0,0.0
2023-08-23,78.0,60.8,68.7,0.0,0.0
2023-08-24,76.0,67.2,70.4,0.087,0.0
2023-08-25,82.4,69.0,74.3,0.437,0.0
2023-08-26,86.4,67.8,76.4,0.016,0.0
2023-08-27,83.0,65.2,73.7,0.02,0.0
2023-08-28,77.0,66.0,71.0,0.043,0.0
2023-08-29,81.8,64.0,72.7,0.063,0.0
2023-08-30,85.3,69.8,75.9,0.028,0.0
2023-08-31,77.3,62.9,69.0,0.0,0.0
2023-09-01,76.0,56.7,66.0,0.0,0.0
2023-09-02,80.5,55.3,67.5,0.0,0.0
2023-09-03,90.2,64.4,77.4,0.012,0.0
2023-09-04,92.9,67.7,80.5,0.047,0.0
2023-09-05,95.6,71.8,82.6,0.0,0.0
2023-09-06,96.6,73.3,84.0,0.0,0.0
2023-09-07,95.5,70.8,81.9,0.15,0.0
2023-09-08,89.1,68.7,77.3,0.563,0.0
2023-09-09,84.7,69.4,74.7,0.335,0.0
2023-09-10,76.2,67.3,71.5,0.65,0.0
2023-09-11,81.8,67.8,73.1,0.173,0.0
2023-09-12,84.1,66.4,73.5,0.008,0.0
2023-09-13,80.0,67.6,72.2,0.673,0.0
2023-09-14,77.0,62.7,68.6,0.0,0.0
2023-09-15,70.6,56.6,63.1,0.0,0.0
2023-09-16,76.0,59.4,66.2,0.0,0.0
2023-09-17,75.7,53.2,65.1,0.02,0.0
2023-09-18,70.7,61.9,66.0,0.547,0.0
2023-09-19,74.2,56.1,64.3,0.0,0.0
2023-09-20,74.3,53.1,63.0,0.0,0.0
2023-09-21,73.0,52.8,62.3,0.0,0.0
2023-09-22,72.3,55.4,63.0,0.0,0.0
2023-09-23,61.1,56.5,59.2,1.665,0.0
2023-09-24,67.6,60.8,63.0,0.681,0.0
2023-09-25,63.1,57.8,61.0,0.689,0.0
2023-09-26,62.6,56.1,59.4,0.335,0.0
2023-09-27,64.0,48.8,56.7,0.0,0.0
2023-09-28,65.8,51.3,57.8,0.004,0.0
2023-09-29,62.9,55.8,59.3,2.752,0.0
2023-09-30,71.1,55.4,61.4,0.039,0.0
2023-10-01,77.1,57.5,66.1,0.0,0.0
2023-10-02,77.7,60.4,67.7,0.0,0.0
2023-10-03,81.3,55.6,66.7,0.0,0.0
2023-10-04,82.0,58.7,68.1,0.0,0.0
2023-10-05,75.3,55.5,64.3,0.0,0.0
2023-10-06,72.4,63.6,67.7,0.102,0.0
2023-10-07,69.2,53.2,62.8,2.378,0.0
2023-10-08,62.4,48.9,55.2,0.0,0.0
2023-10-09,60.2,45.1,52.7,0.004,0.0
2023-10-10,64.4,46.1,56.0,0.0,0.0
2023-10-11,69.3,46.7,57.2,0.0,0.0
2023-10-12,69.9,45.0,56.8,0.0,0.0
2023-10-13,63.8,47.8,55.1,0.0,0.0
2023-10-14,53.4,48.9,50.9,0.594,0.0
2023-10-15,62.0,49.1,53.8,0.047,0.0
2023-10-16,63.9,44.7,52.9,0.008,0.0
2023-10-17,62.3,46.8,53.9,0.024,0.0
2023-10-18,63.1,44.3,53.9,0.012,0.0
2023-10-19,64.5,45.0,54.9,0.0,0.0
2023-10-20,63.1,55.0,59.5,1.071,0.0
2023-10-21,64.0,55.0,58.2,0.232,0.0
2023-10-22,57.0,48.5,52.7,0.0,0.0
2023-10-23,61.0,45.3,51.0,0.0,0.0
2023-10-24,64.0,39.7,51.1,0.0,0.0
2023-10-25,71.7,46.0,57.7,0.0,0.0
2023-10-26,78.7,48.8,62.7,0.0,0.0
2023-10-27,76.4,54.4,63.5,0.0,0.0
2023-10-28,80.7,61.3,69.1,0.0,0.0
2023-10-29,61.3,51.2,55.0,0.272,0.0
2023-10-30,66.5,50.6,56.9,0.079,0.0
2023-10-31,51.1,44.1,48.5,0.008,0.0
2023-11-01,49.6,38.2,44.1,0.138,0.0
2023-11-02,49.5,31.6,39.9,0.0,0.0
2023-11-03,55.7,32.5,43.8,0.0,0.0
2023-11-04,59.0,38.6,47.5,0.0,0.0
2023-11-05,62.7,40.1,50.7,0.0,0.0
2023-11-06,53.8,39.1,46.5,0.004,0.0
2023-11-07,68.5,51.2,57.2,0.224,0.0
2023-11-08,51.5,40.1,45.5,0.0,0.0
2023-11-09,59.5,37.0,48.6,0.016,0.0
2023-11-10,51.4,42.2,46.7,0.012,0.0
2023-11-11,54.1,39.2,45.1,0.0,0.0
2023-11-12,44.9,31.7,37.3,0.0,0.0
2023-11-13,48.1,28.2,37.7,0.0,0.0
2023-11-14,52.2,35.3,43.0,0.0,0.0
2023-11-15,51.5,30.0,40.9,0.0,0.0
2023-11-16,64.1,35.4,47.9,0.0,0.0
2023-11-17,67.2,39.8,52.9,0.0,0.0
2023-11-18,55.8,38.2,50.1,0.047,0.0
2023-11-19,54.4,34.0,42.9,0.0,0.0
2023-11-20,44.9,30.4,37.7,0.0,0.0
2023-11-21,47.2,29.8,39.0,0.311,0.0
2023-11-22,58.0,46.9,52.2,0.972,0.0
2023-11-23,52.2,41.3,46.5,0.0,0.0
2023-11-24,49.7,32.2,41.4,0.0,0.0
2023-11-25,39.7,26.5,32.8,0.0,0.0
2023-11-26,51.0,27.4,39.7,0.217,0.0
2023-11-27,55.0,37.1,45.4,0.173,0.0
2023-11-28,39.1,28.8,33.6,0.004,0.028
2023-11-29,36.7,24.2,29.8,0.0,0.0
2023-11-30,49.4,27.3,37.4,0.0,0.0
2023-12-01,46.1,31.6,41.0,0.209,0.0
2023-12-02,61.2,39.9,47.9,0.004,0.0
2023-12-03,50.3,42.4,47.4,0.638,0.0
2023-12-04,51.6,40.6,45.2,0.0,0.0
2023-12-05,44.0,34.8,39.0,0.0,0.0
2023-12-06,41.1,28.1,34.8,0.004,0.0
2023-12-07,38.3,26.1,32.4,0.0,0.0
2023-12-08,48.5,28.5,37.4,0.0,0.0
2023-12-09,56.3,34.1,44.1,0.0,0.0
2023-12-10,62.6,41.1,53.2,1.106,0.0
2023-12-11,57.4,36.9,42.7,1.059,0.0
2023-12-12,43.3,28.0,35.9,0.0,0.0
2023-12-13,45.5,32.1,37.4,0.0,0.0
2023-12-14,40.4,26.2,32.9,0.0,0.0
2023-12-15,54.5,31.0,40.0,0.0,0.0
2023-12-16,52.8,37.3,42.9,0.0,0.0
2023-12-17,55.6,41.4,49.1,0.661,0.0
2023-12-18,60.1,42.5,52.9,3.106,0.0
2023-12-19,43.1,30.4,37.3,0.0,0.0
2023-12-20,45.7,25.4,34.3,0.0,0.0
2023-12-21,39.9,27.1,33.6,0.0,0.0
2023-12-22,36.9,22.0,28.2,0.0,0.0
2023-12-23,42.8,26.0,33.2,0.02,0.0
2023-12-24,47.8,34.1,39.8,0.0,0.0
2023-12-25,52.9,34.3,42.6,0.0,0.0
2023-12-26,45.9,37.4,40.7,0.0,0.0
2023-12-27,48.3,41.5,44.4,0.205,0.0
2023-12-28,53.1,47.4,49.9,1.579,0.0
2023-12-29,56.1,45.1,49.2,0.016,0.0
2023-12-30,46.4,34.3,41.6,0.004,0.0
2023-12-31,43.7,28.4,37.0,0.0,0.0
2024-01-01,45.8,32.4,38.3,0.0,0.0
2024-01-02,42.3,23.7,32.0,0.0,0.0
2024-01-03,45.9,27.9,34.6,0.0,0.0
2024-01-04,44.2,28.2,35.6,0.0,0.0
2024-01-05,37.6,22.4,28.8,0.0,0.0
2024-01-06,37.0,22.6,30.1,0.433,2.094
2024-01-07,36.5,31.6,34.8,0.287,0.386
2024-01-08,43.3,26.2,34.6,0.0,0.0
2024-01-09,54.7,23.8,37.8,1.24,0.0
2024-01-10,56.8,41.4,48.6,1.11,0.0
2024-01-11,46.7,32.1,40.1,0.0,0.0
2024-01-12,46.7,28.5,39.2,0.031,0.0
2024-01-13,58.3,35.2,48.4,0.902,0.0
2024-01-14,43.3,25.2,32.3,0.02,0.11
2024-01-15,30.6,21.5,25.8,0.031,0.22
2024-01-16,30.4,21.7,27.0,0.374,1.461
2024-01-17,24.5,15.9,20.3,0.0,0.0
2024-01-18,32.7,19.9,25.8,0.012,0.11
2024-01-19,30.4,23.8,27.6,0.106,0.744
2024-01-20,26.0,17.3,21.0,0.0,0.0
2024-01-21,29.9,18.5,23.0,0.0,0.0
2024-01-22,38.5,19.5,27.6,0.0,0.0
2024-01-23,40.2,29.0,33.9,0.067,0.0
2024-01-24,42.0,32.2,37.1,0.126,0.0
2024-01-25,52.4,41.3,47.9,0.22,0.0
2024-01-26,46.9,37.8,43.1,0.181,0.0
2024-01-27,47.4,37.0,41.6,0.0,0.0
2024-01-28,39.6,36.4,38.1,0.839,0.0
2024-01-29,42.5,33.0,37.3,0.028,0.0
2024-01-30,39.7,24.9,32.8,0.0,0.0
2024-01-31,40.0,29.9,35.9,0.008,0.0
2024-02-01,48.2,25.9,36.1,0.024,0.0
2024-02-02,42.8,35.5,38.8,0.248,0.0
2024-02-03,42.8,26.3,34.1,0.0,0.0
2024-02-04,45.5,25.3,33.6,0.0,0.0
2024-02-05,44.7,26.2,33.6,0.0,0.0
2024-02-06,42.2,23.2,31.5,0.0,0.0
2024-02-07,46.7,25.3,34.8,0.0,0.0
2024-02-08,50.0,25.3,35.8,0.0,0.0
2024-02-09,52.4,33.7,41.4,0.0,0.0
2024-02-10,60.5,35.2,46.9,0.004,0.0
2024-02-11,48.2,38.5,44.3,0.0,0.0
2024-02-12,48.5,28.9,39.1,0.004,0.0
2024-02-13,38.1,29.8,33.7,1.091,7.524
2024-02-14,32.6,24.3,28.5,0.0,0.0
2024-02-15,37.1,22.3,30.2,0.008,0.055
2024-02-16,41.1,28.4,34.3,0.0,0.0
2024-02-17,36.0,23.7,30.3,0.232,1.598
2024-02-18,40.9,20.7,28.5,0.0,0.0
2024-02-19,39.4,24.7,31.4,0.0,0.0
2024-02-20,36.2,20.4,27.2,0.0,0.0
2024-02-21,40.2,22.0,29.9,0.0,0.0
2024-02-22,44.2,22.8,33.9,0.012,0.0
2024-02-23,46.8,34.4,40.1,0.122,0.0
2024-02-24,42.0,26.9,36.1,0.0,0.0
2024-02-25,39.3,18.8,28.0,0.0,0.0
2024-02-26,52.6,28.1,38.0,0.114,0.661
2024-02-27,57.0,31.9,45.8,0.15,0.0
2024-02-28,62.9,50.2,56.6,0.618,0.0
2024-02-29,44.1,27.0,33.8,0.004,0.0
2024-03-01,42.6,24.1,33.4,0.0,0.0
2024-03-02,50.3,35.2,43.9,1.106,0.0
2024-03-03,65.7,42.6,52.9,0.0,0.0
2024-03-04,57.8,38.7,46.7,0.0,0.0
2024-03-05,47.1,39.1,43.7,0.799,0.0
2024-03-06,49.6,38.6,44.9,1.307,0.0
2024-03-07,54.8,42.5,49.5,0.138,0.0
2024-03-08,54.3,33.4,42.8,0.0,0.0
2024-03-09,46.3,38.8,41.5,1.13,0.0
2024-03-10,51.5,36.0,45.1,0.823,0.0
2024-03-11,50.2,33.8,41.1,0.0,0.0
2024-03-12,63.6,36.6,48.7,0.0,0.0
2024-03-13,59.7,36.4,47.7,0.0,0.0
2024-03-14,70.3,39.2,52.9,0.0,0.0
2024-03-15,71.0,46.9,58.9,0.031,0.0
2024-03-16,57.8,40.6,48.8,0.004,0.0
2024-03-17,60.4,45.1,51.6,0.016,0.0
2024-03-18,48.6,36.3,44.0,0.0,0.0
2024-03-19,45.5,32.5,38.4,0.02,0.055
2024-03-20,53.5,34.1,42.6,0.11,0.0
2024-03-21,42.0,25.4,33.4,0.0,0.0
2024-03-22,42.2,22.6,33.6,0.0,0.0
2024-03-23,50.0,34.0,42.4,2.504,0.0
2024-03-24,47.5,27.7,36.7,0.0,0.0
2024-03-25,50.4,29.3,39.3,0.0,0.0
2024-03-26,49.9,32.2,42.1,0.0,0.0
2024-03-27,51.6,40.6,45.4,0.024,0.0
2024-03-28,51.3,43.6,47.3,0.846,0.0
2024-03-29,54.8,39.1,45.4,0.016,0.0
2024-03-30,58.3,36.3,46.6,0.004,0.0
2024-03-31,61.3,40.1,50.9,0.008,0.0
2024-04-01,54.7,41.9,47.2,0.13,0.0
2024-04-02,48.0,43.2,45.2,0.748,0.0
2024-04-03,44.5,39.9,42.4,1.008,0.0
2024-04-04,48.6,37.5,42.2,0.358,0.0
2024-04-05,49.2,35.0,41.8,0.0,0.0
2024-04-06,52.7,37.6,44.4,0.008,0.0
2024-04-07,57.7,34.8,44.9,0.004,0.0
2024-04-08,64.5,33.5,48.0,0.039,0.0
2024-04-09,75.2,40.8,57.4,0.0,0.0
2024-04-10,60.7,46.9,53.9,0.024,0.0
2024-04-11,62.9,48.7,54.4,0.256,0.0
2024-04-12,67.3,54.7,60.0,0.587,0.0
2024-04-13,53.8,45.9,49.4,0.079,0.0
2024-04-14,72.0,42.7,57.6,0.035,0.0
2024-04-15,76.6,50.7,64.7,0.0,0.0
2024-04-16,69.0,44.5,57.7,0.0,0.0
2024-04-17,60.2,45.4,51.2,0.118,0.0
2024-04-18,48.8,42.1,47.4,0.244,0.0
2024-04-19,55.8,39.3,47.4,0.0,0.0
2024-04-20,68.3,47.0,55.2,0.091,0.0
2024-04-21,53.7,35.8,45.8,0.0,0.0
2024-04-22,59.0,35.8,47.6,0.0,0.0
2024-04-23,58.6,35.9,48.7,0.0,0.0
2024-04-24,70.5,47.5,56.3,0.063,0.0
2024-04-25,54.1,37.8,45.8,0.0,0.0
2024-04-26,58.2,35.1,46.4,0.0,0.0
2024-04-27,58.1,37.5,48.3,0.012,0.0
2024-04-28,73.0,47.8,59.6,0.024,0.0
2024-04-29,82.9,56.2,67.7,0.134,0.0
2024-04-30,73.2,52.3,59.8,0.087,0.0
2024-05-01,76.6,50.8,59.7,0.059,0.0
2024-05-02,82.0,50.5,65.0,0.0,0.0
2024-05-03,63.1,49.6,56.5,0.0,0.0
2024-05-04,61.8,46.1,52.8,0.0,0.0
2024-05-05,53.7,48.5,51.1,0.339,0.0
2024-05-06,72.8,53.5,62.2,0.031,0.0
2024-05-07,79.0,54.0,66.4,0.0,0.0
2024-05-08,87.5,60.7,73.4,0.0,0.0
2024-05-09,69.8,57.7,63.5,0.0,0.0
2024-05-10,59.1,49.0,51.1,0.508,0.0
2024-05-11,61.8,43.7,52.5,0.0,0.0
2024-05-12,56.2,47.6,51.0,0.299,0.0
2024-05-13,68.0,42.5,55.2,0.0,0.0
2024-05-14,72.6,49.0,61.3,0.126,0.0
2024-05-15,67.6,56.3,60.3,0.268,0.0
2024-05-16,66.2,58.9,61.7,0.189,0.0
2024-05-17,72.8,53.8,63.4,0.0,0.0
2024-05-18,73.0,55.8,61.9,0.087,0.0
2024-05-19,74.0,54.5,62.1,0.008,0.0
2024-05-20,74.8,51.3,61.5,0.0,0.0
2024-05-21,80.8,54.2,66.5,0.0,0.0
2024-05-22,83.4,60.4,71.6,0.0,0.0
2024-05-23,80.9,66.1,72.9,0.118,0.0
2024-05-24,84.8,60.4,72.6,0.0,0.0
2024-05-25,78.8,57.1,67.3,0.0,0.0
2024-05-26,78.9,60.3,68.0,0.008,0.0
2024-05-27,72.6,62.9,66.6,1.362,0.0
2024-05-28,80.8,64.0,71.6,0.0,0.0
2024-05-29,77.2,57.2,66.2,0.488,0.0
2024-05-30,71.1,57.1,63.7,0.087,0.0
2024-05-31,77.0,55.8,65.5,0.0,0.0
2024-06-01,82.7,55.7,69.4,0.0,0.0
2024-06-02,81.1,57.7,69.9,0.0,0.0
2024-06-03,86.1,63.6,74.6,0.008,0.0
2024-06-04,78.2,61.7,69.4,0.0,0.0
2024-06-05,79.3,58.5,68.6,0.26,0.0
2024-06-06,82.0,66.9,73.7,1.594,0.0
2024-06-07,83.4,63.6,73.5,0.02,0.0
2024-06-08,77.5,59.8,68.8,0.0,0.0
2024-06-09,77.7,58.2,68.8,0.004,0.0
2024-06-10,76.0,58.4,67.0,0.0,0.0
2024-06-11,74.0,57.0,66.0,0.043,0.0
2024-06-12,78.4,58.1,67.8,0.0,0.0
2024-06-13,84.3,57.1,71.3,0.0,0.0
2024-06-14,85.4,67.0,73.7,0.744,0.0
2024-06-15,81.3,62.8,71.3,0.0,0.0
2024-06-16,75.3,58.1,66.5,0.0,0.0
2024-06-17,85.2,61.0,73.1,0.0,0.0
2024-06-18,85.9,68.9,77.1,0.0,0.0
2024-06-19,88.0,67.6,76.9,0.0,0.0
2024-06-20,92.1,67.7,79.5,0.0,0.0
2024-06-21,96.0,72.9,82.2,0.0,0.0
2024-06-22,94.4,72.1,80.8,0.197,0.0
2024-06-23,97.3,72.8,84.8,0.004,0.0
2024-06-24,81.0,72.1,77.5,0.0,0.0
2024-06-25,92.9,68.3,79.6,0.0,0.0
2024-06-26,96.5,73.8,83.2,0.004,0.0
2024-06-27,86.7,71.0,77.4,0.417,0.0
2024-06-28,77.8,59.8,68.5,0.0,0.0
2024-06-29,80.4,64.1,73.6,0.067,0.0
2024-06-30,92.2,71.7,79.3,0.819,0.0
2024-07-01,80.4,61.7,71.5,0.004,0.0
2024-07-02,83.8,61.6,73.0,0.0,0.0
2024-07-03,82.6,63.0,73.0,0.0,0.0
2024-07-04,86.9,67.0,76.7,0.071,0.0
2024-07-05,90.1,71.8,80.4,0.067,0.0
2024-07-06,91.8,73.3,82.6,0.126,0.0
2024-07-07,90.8,74.9,82.2,0.063,0.0
2024-07-08,91.4,73.9,80.6,0.0,0.0
2024-07-09,87.9,72.4,80.6,0.008,0.0
2024-07-10,89.8,76.6,82.6,0.012,0.0
2024-07-11,94.2,75.6,82.5,0.22,0.0
2024-07-12,85.1,71.3,77.4,0.236,0.0
2024-07-13,87.4,71.0,77.7,1.083,0.0
2024-07-14,88.5,71.5,80.7,0.047,0.0
2024-07-15,95.5,73.7,83.9,0.02,0.0
2024-07-16,95.5,72.9,84.1,0.031,0.0
2024-07-17,89.8,75.0,81.3,1.327,0.0
2024-07-18,87.6,70.6,78.3,0.016,0.0
2024-07-19,84.1,64.4,74.9,0.0,0.0
2024-07-20,83.9,64.0,75.5,0.083,0.0
2024-07-21,88.6,67.6,78.7,0.004,0.0
2024-07-22,83.2,70.1,76.4,0.177,0.0
2024-07-23,85.4,70.0,76.2,0.13,0.0
2024-07-24,85.2,70.3,76.3,0.346,0.0
2024-07-25,87.4,69.3,77.2,0.0,0.0
2024-07-26,85.0,64.8,75.1,0.0,0.0
2024-07-27,86.1,63.9,75.8,0.0,0.0
2024-07-28,88.7,64.7,76.1,0.0,0.0
2024-07-29,85.2,70.9,77.1,0.157,0.0
2024-07-30,89.8,70.5,79.4,0.0,0.0
2024-07-31,89.7,73.9,78.9,0.39,0.0
2024-08-01,94.8,69.0,81.8,0.004,0.0
2024-08-02,91.5,74.7,81.1,0.394,0.0
2024-08-03,91.6,74.4,80.5,0.516,0.0
2024-08-04,82.9,73.7,76.2,0.539,0.0
2024-08-05,89.6,68.7,80.0,0.0,0.0
2024-08-06,90.7,71.8,78.5,1.476,0.0
2024-08-07,72.9,65.6,70.1,0.945,0.0
2024-08-08,74.2,64.8,69.3,0.224,0.0
2024-08-09,83.4,71.8,76.7,0.933,0.0
2024-08-10,85.2,71.2,77.6,0.039,0.0
2024-08-11,81.6,66.4,73.7,0.0,0.0
2024-08-12,79.5,61.6,71.4,0.0,0.0
2024-08-13,80.8,61.7,70.9,0.0,0.0
2024-08-14,83.4,63.8,73.4,0.004,0.0
2024-08-15,86.6,63.1,75.3,0.0,0.0
2024-08-16,86.8,65.2,75.5,0.0,0.0
2024-08-17,79.7,69.5,74.1,0.181,0.0
2024-08-18,78.4,70.1,73.2,1.083,0.0
2024-08-19,83.3,68.6,73.3,1.169,0.0
2024-08-20,72.6,61.8,66.4,0.004,0.0
2024-08-21,73.0,55.4,64.3,0.0,0.0
2024-08-22,76.4,54.7,66.1,0.0,0.0
2024-08-23,81.5,56.1,69.1,0.0,0.0
2024-08-24,85.9,58.7,71.7,0.0,0.0
2024-08-25,86.4,61.5,73.5,0.008,0.0
2024-08-26,85.9,64.8,73.9,0.035,0.0
2024-08-27,85.8,64.0,74.0,0.0,0.0
2024-08-28,93.6,70.8,81.0,0.0,0.0
2024-08-29,80.6,68.4,74.0,0.181,0.0
2024-08-30,75.1,64.9,69.3,0.154,0.0
2024-08-31,78.4,64.0,71.2,0.035,0.0
2024-09-01,84.5,69.7,75.7,0.189,0.0
2024-09-02,79.3,63.7,71.3,0.0,0.0
2024-09-03,73.4,54.1,64.0,0.0,0.0
2024-09-04,77.3,54.2,65.2,0.0,0.0
2024-09-05,78.2,54.9,66.1,0.0,0.0
2024-09-06,79.8,58.3,68.0,0.004,0.0
2024-09-07,76.2,57.7,67.7,0.122,0.0
2024-09-08,71.3,52.6,61.6,0.0,0.0
2024-09-09,77.1,51.0,64.4,0.0,0.0
2024-09-10,79.0,56.8,67.2,0.0,0.0
2024-09-11,78.0,53.7,65.4,0.0,0.0
2024-09-12,79.3,58.7,67.1,0.0,0.0
2024-09-13,81.4,57.0,67.9,0.0,0.0
2024-09-14,85.4,58.8,71.3,0.0,0.0
2024-09-15,82.6,59.9,69.7,0.0,0.0
2024-09-16,78.4,55.6,66.1,0.0,0.0
2024-09-17,81.0,58.6,68.2,0.0,0.0
2024-09-18,74.9,64.2,69.2,0.0,0.0
2024-09-19,85.6,61.4,73.0,0.0,0.0
2024-09-20,82.0,63.3,71.6,0.0,0.0
2024-09-21,80.8,59.7,68.5,0.0,0.0
2024-09-22,77.6,56.5,65.9,0.0,0.0
2024-09-23,70.0,55.9,63.1,0.004,0.0
2024-09-24,68.4,57.0,63.4,0.0,0.0
2024-09-25,69.4,60.9,64.3,0.043,0.0
2024-09-26,74.0,62.9,68.6,0.173,0.0
2024-09-27,72.1,65.6,68.8,0.035,0.0
2024-09-28,68.0,60.9,64.2,0.539,0.0
2024-09-29,65.6,61.7,63.0,0.047,0.0
2024-09-30,73.2,57.8,64.6,0.0,0.0
2024-10-01,72.0,58.2,63.6,0.0,0.0
2024-10-02,69.3,55.4,61.5,0.0,0.0
2024-10-03,72.2,59.1,64.3,0.004,0.0
2024-10-04,74.1,54.2,63.5,0.008,0.0
2024-10-05,75.3,56.7,65.7,0.016,0.0
2024-10-06,71.3,50.1,60.9,0.0,0.0
2024-10-07,74.5,60.1,65.6,0.217,0.0
2024-10-08,69.6,50.8,59.9,0.0,0.0
2024-10-09,68.5,48.6,58.9,0.004,0.0
2024-10-10,64.5,45.9,54.2,0.0,0.0
2024-10-11,70.1,43.6,56.4,0.0,0.0
2024-10-12,73.7,54.1,63.5,0.0,0.0
2024-10-13,74.5,49.6,62.1,0.0,0.0
2024-10-14,67.1,47.4,56.5,0.0,0.0
2024-10-15,58.5,41.7,49.7,0.008,0.0
2024-10-16,59.9,41.7,49.8,0.0,0.0
2024-10-17,59.5,38.5,49.0,0.0,0.0
2024-10-18,67.1,44.2,53.9,0.0,0.0
2024-10-19,70.9,44.7,55.7,0.0,0.0
2024-10-20,76.3,42.4,57.8,0.0,0.0
2024-10-21,82.0,46.0,63.3,0.0,0.0
2024-10-22,82.0,55.0,66.0,0.0,0.0
2024-10-23,77.6,51.7,63.9,0.0,0.0
2024-10-24,69.4,53.0,61.3,0.024,0.0
2024-10-25,64.7,43.6,53.5,0.0,0.0
2024-10-26,64.9,49.3,56.4,0.0,0.0
2024-10-27,58.7,40.6,49.4,0.0,0.0
2024-10-28,61.3,37.2,48.8,0.0,0.0
2024-10-29,63.6,42.9,55.1,0.043,0.0
2024-10-30,78.6,51.9,63.1,0.0,0.0
2024-10-31,82.8,53.6,67.8,0.0,0.0
2024-11-01,80.0,59.1,69.9,0.012,0.0
2024-11-02,60.7,46.9,54.0,0.0,0.0
2024-11-03,55.9,38.7,45.5,0.0,0.0
2024-11-04,57.8,38.2,48.4,0.0,0.0
2024-11-05,72.6,47.8,60.2,0.0,0.0
2024-11-06,80.5,61.5,69.6,0.0,0.0
2024-11-07,73.5,54.5,64.6,0.0,0.0
2024-11-08,69.1,44.1,56.3,0.0,0.0
2024-11-09,55.4,40.1,47.7,0.0,0.0
2024-11-10,58.0,36.1,47.8,0.028,0.0
2024-11-11,69.9,51.7,60.5,0.13,0.0
2024-11-12,53.8,42.1,49.4,0.0,0.0
2024-11-13,48.5,34.5,41.2,0.0,0.0
2024-11-14,46.0,34.4,40.5,0.0,0.0
2024-11-15,58.6,37.5,46.9,0.0,0.0
2024-11-16,61.6,43.3,51.1,0.0,0.0
2024-11-17,64.4,43.7,52.4,0.0,0.0
2024-11-18,64.2,45.7,54.4,0.0,0.0
2024-11-19,58.6,42.7,51.5,0.0,0.0
2024-11-20,60.6,45.1,53.2,0.0,0.0
2024-11-21,54.0,39.6,47.5,1.665,0.0
2024-11-22,40.9,35.8,38.3,0.587,0.028
2024-11-23,47.9,36.5,42.3,0.055,0.0
2024-11-24,51.6,41.9,46.6,0.0,0.0
2024-11-25,51.4,36.0,44.1,0.0,0.0
2024-11-26,58.7,43.9,51.3,0.146,0.0
2024-11-27,50.5,36.1,42.7,0.0,0.0
2024-11-28,53.1,40.9,44.3,0.516,0.0
2024-11-29,46.0,34.0,39.0,0.008,0.0
2024-11-30,38.3,28.1,32.7,0.0,0.0
2024-12-01,36.9,25.3,30.1,0.0,0.0
2024-12-02,39.1,26.3,31.2,0.0,0.0
2024-12-03,41.3,28.0,33.5,0.0,0.0
2024-12-04,38.9,26.1,32.4,0.0,0.0
2024-12-05,40.3,31.8,36.1,0.142,0.413
2024-12-06,32.3,27.9,30.1,0.0,0.0
2024-12-07,40.4,27.1,33.1,0.0,0.0
2024-12-08,52.4,34.6,42.2,0.0,0.0
2024-12-09,50.8,33.9,41.9,0.291,0.0
2024-12-10,51.9,42.4,46.6,0.083,0.0
2024-12-11,61.0,42.6,55.3,1.35,0.0
2024-12-12,41.3,28.3,34.9,0.004,0.0
2024-12-13,32.5,24.9,27.7,0.0,0.0
2024-12-14,33.1,22.0,27.1,0.0,0.0
2024-12-15,37.5,23.1,29.8,0.004,0.0
2024-12-16,49.1,35.0,41.9,0.606,0.0
2024-12-17,58.5,45.4,51.4,0.185,0.0
2024-12-18,49.9,34.6,43.3,0.098,0.0
2024-12-19,44.2,33.4,40.0,0.102,0.0
2024-12-20,36.5,30.7,33.6,0.067,0.22
2024-12-21,32.6,20.1,27.2,0.161,1.13
2024-12-22,19.5,10.2,15.6,0.0,0.0
2024-12-23,24.8,5.3,13.6,0.0,0.0
2024-12-24,34.6,24.7,29.0,0.075,0.524
2024-12-25,32.3,20.7,26.8,0.0,0.0
2024-12-26,31.6,17.3,23.0,0.0,0.0
2024-12-27,35.6,15.1,25.1,0.0,0.0
2024-12-28,45.1,35.2,39.2,0.22,0.0
2024-12-29,61.0,39.9,49.2,0.106,0.0
2024-12-30,55.4,46.0,52.6,0.228,0.0
2024-12-31,49.5,34.6,43.2,0.232,0.0
2025-01-01,51.7,39.0,45.3,0.177,0.0
2025-01-02,41.7,32.5,36.7,0.0,0.0
2025-01-03,37.8,28.6,32.7,0.0,0.0
2025-01-04,31.9,27.2,29.4,0.0,0.0
2025-01-05,32.6,25.5,28.1,0.0,0.0
2025-01-06,29.2,24.0,27.8,0.067,0.469
2025-01-07,26.7,16.3,22.6,0.0,0.0
2025-01-08,27.6,20.1,24.3,0.0,0.0
2025-01-09,29.3,19.9,24.5,0.0,0.0
2025-01-10,37.9,25.1,30.5,0.0,0.0
2025-01-11,32.8,26.8,29.8,0.079,0.551
2025-01-12,40.7,28.6,33.0,0.0,0.0
2025-01-13,43.9,28.7,34.3,0.0,0.0
2025-01-14,32.6,25.4,28.9,0.0,0.0
2025-01-15,30.1,21.8,25.9,0.0,0.0
2025-01-16,31.0,21.4,26.3,0.012,0.083
2025-01-17,41.0,23.1,30.8,0.0,0.0
2025-01-18,43.7,30.5,37.1,0.083,0.0
2025-01-19,36.7,28.3,33.3,0.346,2.343
2025-01-20,27.3,13.1,19.3,0.008,0.055
2025-01-21,16.9,3.6,11.5,0.016,0.11
2025-01-22,17.3,2.0,10.8,0.0,0.0
2025-01-23,25.8,8.5,16.5,0.0,0.0
2025-01-24,30.1,12.8,20.6,0.0,0.0
2025-01-25,28.4,8.6,19.4,0.0,0.0
2025-01-26,39.4,21.9,30.1,0.0,0.0
2025-01-27,35.7,23.3,29.7,0.0,0.0
2025-01-28,39.9,26.7,33.2,0.0,0.0
2025-01-29,48.5,32.5,39.3,0.0,0.0
2025-01-30,33.9,20.8,28.4,0.0,0.0
2025-01-31,43.2,33.3,38.5,0.406,0.0
2025-02-01,43.2,21.7,33.3,0.094,0.0
2025-02-02,34.4,14.8,23.9,0.047,0.331
2025-02-03,43.0,26.5,35.3,0.012,0.083
2025-02-04,43.1,31.1,38.5,0.012,0.0
2025-02-05,35.2,25.8,29.4,0.0,0.0
2025-02-06,40.0,28.7,34.0,0.335,1.35
2025-02-07,41.2,27.2,34.5,0.0,0.0
2025-02-08,34.1,24.1,28.7,0.307,2.039
2025-02-09,34.5,28.0,31.8,0.252,0.717
2025-02-10,33.0,22.6,28.3,0.0,0.0
2025-02-11,31.6,15.4,24.4,0.047,0.331
2025-02-12,32.7,28.1,30.8,0.177,1.24
2025-02-13,45.0,33.0,38.1,0.26,0.055
2025-02-14,33.8,26.3,30.0,0.0,0.0
2025-02-15,35.1,24.8,30.3,0.272,0.854
2025-02-16,45.3,33.5,37.3,0.909,0.0
2025-02-17,33.6,25.8,29.3,0.0,0.0
2025-02-18,26.6,17.0,22.5,0.0,0.0
2025-02-19,30.0,15.4,22.7,0.0,0.0
2025-02-20,30.1,16.4,23.3,0.035,0.248
2025-02-21,31.6,20.6,24.9,0.0,0.0
2025-02-22,38.7,18.8,28.1,0.0,0.0
2025-02-23,46.3,28.8,36.5,0.0,0.0
2025-02-24,46.9,28.9,38.2,0.0,0.0
2025-02-25,54.6,38.6,44.8,0.0,0.0
2025-02-26,56.8,36.3,44.9,0.004,0.0
2025-02-27,53.8,40.5,47.4,0.362,0.0
2025-02-28,49.6,35.4,43.0,0.0,0.0
2025-03-01,60.9,30.6,44.6,0.0,0.0
2025-03-02,33.1,19.0,26.0,0.0,0.0
2025-03-03,38.7,22.0,29.2,0.0,0.0
2025-03-04,55.3,28.5,40.6,0.0,0.0
2025-03-05,54.7,42.3,49.5,1.543,0.0
2025-03-06,54.0,36.2,49.3,0.114,0.0
2025-03-07,46.9,30.7,38.9,0.0,0.0
2025-03-08,43.2,33.9,38.5,0.0,0.0
2025-03-09,50.7,27.9,38.6,0.0,0.0
2025-03-10,62.9,38.7,49.1,0.0,0.0
2025-03-11,61.1,37.0,49.2,0.0,0.0
2025-03-12,52.4,37.7,45.4,0.0,0.0
2025-03-13,50.8,35.6,42.2,0.0,0.0
2025-03-14,55.2,33.4,42.9,0.0,0.0
2025-03-15,48.7,38.6,43.9,0.02,0.0
2025-03-16,60.6,45.4,54.9,0.323,0.0
2025-03-17,58.6,38.0,52.9,1.217,0.0
2025-03-18,57.5,33.3,44.3,0.0,0.0
2025-03-19,57.6,37.1,46.5,0.0,0.0
2025-03-20,50.2,42.0,46.1,0.449,0.0
2025-03-21,48.8,36.5,43.7,0.287,0.0
2025-03-22,61.6,36.5,47.0,0.0,0.0
2025-03-23,46.9,27.7,37.7,0.0,0.0
2025-03-24,51.1,39.4,44.8,0.539,0.0
2025-03-25,57.7,40.8,48.7,0.0,0.0
2025-03-26,50.4,35.9,42.9,0.012,0.0
2025-03-27,49.8,31.1,40.3,0.0,0.0
2025-03-28,60.4,40.3,50.2,0.051,0.0
2025-03-29,79.4,45.2,60.8,0.287,0.0
2025-03-30,57.0,42.3,47.7,0.012,0.0
2025-03-31,75.2,46.8,61.9,1.543,0.0
2025-04-01,60.8,40.2,47.9,0.26,0.0
2025-04-02,47.3,32.5,40.5,0.0,0.0
2025-04-03,72.2,44.0,59.4,0.059,0.0
2025-04-04,70.3,55.1,63.5,0.283,0.0
2025-04-05,55.0,42.9,49.1,0.059,0.0
2025-04-06,59.9,42.9,49.8,0.122,0.0
2025-04-07,48.6,40.0,43.0,0.335,0.0
2025-04-08,44.2,35.6,40.3,0.0,0.0
2025-04-09,47.1,29.1,37.9,0.0,0.0
2025-04-10,49.2,35.1,41.3,0.028,0.0
2025-04-11,45.4,40.2,42.5,0.461,0.0
2025-04-12,42.3,35.0,39.1,0.677,0.524
2025-04-13,57.3,39.1,48.0,0.0,0.0
2025-04-14,61.3,40.9,51.1,0.0,0.0
2025-04-15,65.8,48.2,56.1,0.055,0.0
2025-04-16,50.5,41.6,45.8,0.0,0.0
2025-04-17,60.1,38.1,48.8,0.0,0.0
2025-04-18,65.1,39.4,53.5,0.0,0.0
2025-04-19,80.8,60.3,69.8,0.004,0.0
2025-04-20,71.7,51.5,60.9,0.0,0.0
2025-04-21,56.4,45.1,51.0,0.012,0.0
2025-04-22,80.8,51.9,65.7,0.004,0.0
2025-04-23,77.3,49.6,63.6,0.0,0.0
2025-04-24,79.3,52.5,67.1,0.0,0.0
2025-04-25,76.9,57.8,66.8,0.0,0.0
2025-04-26,72.1,57.0,65.3,0.52,0.0
2025-04-27,57.6,47.0,53.2,0.0,0.0
2025-04-28,72.8,48.4,60.8,0.0,0.0
2025-04-29,80.8,52.0,67.1,0.0,0.0
2025-04-30,73.0,61.5,68.8,0.0,0.0
2025-05-01,70.2,50.5,60.3,0.0,0.0
2025-05-02,86.2,57.7,71.3,0.0,0.0
2025-05-03,84.2,64.9,72.8,0.343,0.0
2025-05-04,70.3,59.5,64.0,0.535,0.0
2025-05-05,68.5,57.8,61.1,0.5,0.0
2025-05-06,66.4,57.2,61.3,0.839,0.0
2025-05-07,72.6,56.9,64.1,0.012,0.0
2025-05-08,75.7,56.4,65.3,0.016,0.0
2025-05-09,62.4,54.0,57.7,0.575,0.0
2025-05-10,69.1,50.3,59.2,0.0,0.0
2025-05-11,74.1,52.3,63.9,0.0,0.0
2025-05-12,68.6,51.5,61.1,0.0,0.0
2025-05-13,68.7,58.6,63.2,0.154,0.0
2025-05-14,66.7,58.9,61.4,1.043,0.0
2025-05-15,73.3,60.1,65.2,0.161,0.0
2025-05-16,72.2,59.4,64.6,0.035,0.0
2025-05-17,80.2,63.1,71.2,0.098,0.0
2025-05-18,73.7,58.8,66.3,0.02,0.0
2025-05-19,68.2,53.9,60.6,0.0,0.0
2025-05-20,65.5,47.6,56.9,0.0,0.0
2025-05-21,57.2,49.2,54.0,0.157,0.0
2025-05-22,54.6,48.2,50.9,0.898,0.0
2025-05-23,62.2,47.8,53.5,0.126,0.0
2025-05-24,62.7,47.3,55.8,0.02,0.0
2025-05-25,66.7,50.6,58.9,0.0,0.0
2025-05-26,72.1,50.8,62.0,0.0,0.0
2025-05-27,78.1,53.3,65.5,0.0,0.0
2025-05-28,66.1,54.4,60.2,0.417,0.0
2025-05-29,71.0,54.9,62.9,0.114,0.0
2025-05-30,74.2,61.2,66.4,0.303,0.0
2025-05-31,67.0,54.1,61.2,1.551,0.0
2025-06-01,65.8,49.4,57.9,0.0,0.0
2025-06-02,70.9,49.8,61.1,0.0,0.0
2025-06-03,80.2,52.4,66.8,0.0,0.0
2025-06-04,85.6,58.3,72.4,0.0,0.0
2025-06-05,94.8,68.5,81.3,0.0,0.0
2025-06-06,89.3,71.0,80.5,0.138,0.0
2025-06-07,80.2,68.5,74.3,0.142,0.0
2025-06-08,75.6,61.9,67.8,0.067,0.0
2025-06-09,70.6,59.4,64.5,0.122,0.0
2025-06-10,78.2,62.8,68.7,0.689,0.0
2025-06-11,84.2,62.5,74.6,0.0,0.0
2025-06-12,92.8,67.6,80.6,0.012,0.0
2025-06-13,85.6,68.5,75.7,0.0,0.0
2025-06-14,69.7,60.5,65.2,0.209,0.0
2025-06-15,67.4,59.4,62.5,0.213,0.0
2025-06-16,68.0,60.4,64.3,0.118,0.0
2025-06-17,70.3,62.9,66.2,0.205,0.0
2025-06-18,83.5,64.9,71.5,0.457,0.0
2025-06-19,88.5,71.7,78.6,0.185,0.0
2025-06-20,82.9,65.3,75.0,0.012,0.0
2025-06-21,91.7,68.2,80.3,0.0,0.0
2025-06-22,93.3,75.7,84.1,0.012,0.0
2025-06-23,104.5,79.8,91.0,0.0,0.0
2025-06-24,104.7,84.2,94.7,0.0,0.0
2025-06-25,101.1,83.1,92.4,0.012,0.0
2025-06-26,87.2,68.0,78.8,0.012,0.0
2025-06-27,73.4,64.1,68.4,0.291,0.0
2025-06-28,87.0,64.7,75.7,0.028,0.0
2025-06-29,91.6,73.9,83.0,0.0,0.0
2025-06-30,95.0,72.9,83.6,0.028,0.0
2025-07-01,91.0,75.1,81.0,0.323,0.0
2025-07-02,85.5,73.0,77.8,0.106,0.0
2025-07-03,88.6,70.7,78.6,0.008,0.0
2025-07-04,82.9,65.0,75.0,0.0,0.0
2025-07-05,90.3,66.5,78.6,0.0,0.0
2025-07-06,94.1,71.0,82.8,0.0,0.0
2025-07-07,89.0,75.6,81.4,0.161,0.0
2025-07-08,98.6,74.6,82.9,0.614,0.0
2025-07-09,90.2,73.3,81.4,0.063,0.0
2025-07-10,81.0,72.9,76.3,0.732,0.0
2025-07-11,84.4,70.8,77.2,0.008,0.0
2025-07-12,87.2,72.8,77.9,0.008,0.0
2025-07-13,85.6,72.6,78.2,0.008,0.0
2025-07-14,88.7,73.7,78.8,0.689,0.0
2025-07-15,83.9,73.1,78.2,0.106,0.0
2025-07-16,87.2,73.7,80.2,0.087,0.0
2025-07-17,92.3,74.8,82.7,0.075,0.0
2025-07-18,85.6,72.3,79.1,0.0,0.0
2025-07-19,82.9,70.0,76.9,0.0,0.0
2025-07-20,93.4,72.1,82.1,0.161,0.0
2025-07-21,89.2,70.7,80.4,0.0,0.0
2025-07-22,82.6,67.4,74.9,0.0,0.0
2025-07-23,83.9,67.4,75.8,0.0,0.0
2025-07-24,88.1,67.9,79.3,0.0,0.0
2025-07-25,100.0,76.2,85.1,0.213,0.0
2025-07-26,87.1,74.6,79.6,0.0,0.0
2025-07-27,87.4,72.3,77.8,0.386,0.0
2025-07-28,95.4,74.6,85.6,0.0,0.0
2025-07-29,103.1,76.7,89.8,0.0,0.0
2025-07-30,99.5,80.7,87.8,0.331,0.0
2025-07-31,89.2,67.8,79.3,0.307,0.0
2025-08-01,73.3,64.0,68.1,0.051,0.0
2025-08-02,78.2,62.9,70.0,0.0,0.0
2025-08-03,82.5,61.7,71.9,0.0,0.0
2025-08-04,91.7,62.7,76.1,0.0,0.0
2025-08-05,87.8,67.8,76.9,0.0,0.0
2025-08-06,83.2,69.5,74.7,0.031,0.0
2025-08-07,83.4,66.2,73.4,0.004,0.0
2025-08-08,82.8,62.6,72.2,0.0,0.0
2025-08-09,86.0,63.1,73.9,0.0,0.0
2025-08-10,91.9,65.0,78.3,0.0,0.0
2025-08-11,90.3,69.4,79.4,0.0,0.0
2025-08-12,92.0,70.1,80.3,0.0,0.0
2025-08-13,89.6,74.4,80.7,0.362,0.0
2025-08-14,88.3,72.8,79.5,0.039,0.0
2025-08-15,90.3,73.1,79.8,0.0,0.0
2025-08-16,87.0,72.4,78.2,0.193,0.0
2025-08-17,95.5,71.6,81.0,0.134,0.0
2025-08-18,76.9,65.5,70.3,0.008,0.0
2025-08-19,75.6,63.6,69.5,0.0,0.0
2025-08-20,72.9,60.7,67.8,0.102,0.0
2025-08-21,71.3,60.4,65.0,0.0,0.0
2025-08-22,80.3,58.9,69.7,0.0,0.0
2025-08-23,82.4,63.0,71.7,0.0,0.0
2025-08-24,79.3,63.6,71.7,0.008,0.0
2025-08-25,88.9,66.4,76.8,0.0,0.0
2025-08-26,81.6,63.8,73.2,0.0,0.0
2025-08-27,77.0,61.8,69.3,0.004,0.0
2025-08-28,80.8,59.3,70.6,0.0,0.0
2025-08-29,81.3,64.3,72.2,0.0,0.0
2025-08-30,78.4,57.7,68.3,0.0,0.0
2025-08-31,81.4,58.8,69.6,0.0,0.0
2025-09-01,80.0,61.9,70.8,0.0,0.0
2025-09-02,80.3,61.8,69.9,0.0,0.0
2025-09-03,79.5,59.9,69.0,0.0,0.0
2025-09-04,77.4,60.9,69.6,0.165,0.0
2025-09-05,83.2,64.6,74.1,0.201,0.0
2025-09-06,86.3,66.5,74.6,0.803,0.0
2025-09-07,69.4,62.2,65.2,0.701,0.0
2025-09-08,71.0,55.7,63.6,0.0,0.0
2025-09-09,72.1,55.9,63.6,0.0,0.0
2025-09-10,69.2,59.5,64.0,0.197,0.0
2025-09-11,80.4,59.6,70.0,0.0,0.0
2025-09-12,81.3,61.3,69.9,0.0,0.0
2025-09-13,79.7,61.2,69.3,0.028,0.0
2025-09-14,85.6,62.7,72.3,0.02,0.0
2025-09-15,83.4,64.1,72.1,0.0,0.0
2025-09-16,76.1,63.4,68.7,0.0,0.0
2025-09-17,70.0,63.0,66.5,0.268,0.0
2025-09-18,81.3,64.8,72.0,0.004,0.0
2025-09-19,82.5,64.5,72.6,0.0,0.0
2025-09-20,74.8,58.1,66.0,0.0,0.0
2025-09-21,71.8,56.8,63.1,0.0,0.0
2025-09-22,72.8,53.6,63.4,0.0,0.0
2025-09-23,85.1,62.0,72.8,0.26,0.0
2025-09-24,79.9,65.1,71.4,0.118,0.0
2025-09-25,76.8,67.7,71.6,1.913,0.0
2025-09-26,79.8,65.6,72.2,0.0,0.0
2025-09-27,75.8,62.4,69.3,0.004,0.0
2025-09-28,82.3,63.9,72.2,0.024,0.0
2025-09-29,75.4,63.1,69.0,0.0,0.0
2025-09-30,77.6,62.6,68.8,0.0,0.0
2025-10-01,68.5,53.8,61.3,0.0,0.0
2025-10-02,66.3,49.3,57.6,0.0,0.0
2025-10-03,71.9,48.2,59.8,0.0,0.0
2025-10-04,82.0,53.2,67.1,0.0,0.0
2025-10-05,85.6,57.9,70.5,0.0,0.0
2025-10-06,80.2,58.3,68.5,0.0,0.0
2025-10-07,81.3,62.8,71.4,0.0,0.0
2025-10-08,71.2,58.0,66.6,0.213,0.0
2025-10-09,59.1,47.2,53.7,0.0,0.0
2025-10-10,61.1,40.7,51.6,0.0,0.0
2025-10-11,66.1,49.4,57.8,0.055,0.0
2025-10-12,61.7,55.5,58.8,0.547,0.0
2025-10-13,58.8,54.1,56.7,1.307,0.0
2025-10-14,61.1,54.0,57.1,0.004,0.0
2025-10-15,67.7,52.9,59.9,0.0,0.0
2025-10-16,59.5,45.0,51.4,0.0,0.0
2025-10-17,62.6,45.0,52.1,0.0,0.0
2025-10-18,64.1,43.7,53.5,0.0,0.0
2025-10-19,69.4,49.8,60.6,0.0,0.0
2025-10-20,68.1,54.1,60.4,0.402,0.0
2025-10-21,66.7,46.4,56.3,0.004,0.0
2025-10-22,62.0,52.5,56.7,0.059,0.0
2025-10-23,59.2,47.4,52.5,0.004,0.0
2025-10-24,58.8,42.5,50.4,0.0,0.0
2025-10-25,57.9,42.4,50.5,0.0,0.0
2025-10-26,57.8,44.3,50.5,0.004,0.0
2025-10-27,55.3,38.2,46.4,0.0,0.0
2025-10-28,54.2,39.7,47.7,0.0,0.0
2025-10-29,56.5,44.8,50.7,0.004,0.0
2025-10-30,61.7,51.5,56.9,1.748,0.0
2025-10-31,58.6,50.1,53.4,0.0,0.0
2025-11-01,58.0,45.7,50.5,0.0,0.0
2025-11-02,58.9,39.2,48.1,0.0,0.0
2025-11-03,57.2,43.3,50.2,0.004,0.0
2025-11-04,58.8,46.5,51.7,0.0,0.0
2025-11-05,64.9,39.2,52.0,0.0,0.0
2025-11-06,56.7,41.6,49.1,0.063,0.0
2025-11-07,59.7,35.2,47.6,0.0,0.0
2025-11-08,65.3,53.3,57.6,0.189,0.0
2025-11-09,61.4,47.3,55.0,0.008,0.0
2025-11-10,56.9,36.0,50.1,0.469,0.0
2025-11-11,39.8,33.4,36.3,0.02,0.138
2025-11-12,48.7,36.0,41.9,0.0,0.0
2025-11-13,50.8,41.0,45.2,0.071,0.0
2025-11-14,50.2,37.2,43.3,0.0,0.0
2025-11-15,47.8,34.3,42.4,0.031,0.0
2025-11-16,55.4,40.4,49.2,0.008,0.0
2025-11-17,43.1,34.5,39.1,0.0,0.0
2025-11-18,46.2,33.6,40.2,0.0,0.0
2025-11-19,46.9,35.7,40.6,0.181,0.22
2025-11-20,46.1,32.0,37.7,0.0,0.0
2025-11-21,51.7,36.4,44.3,0.0,0.0
2025-11-22,51.8,39.7,46.2,0.201,0.0
2025-11-23,45.8,30.5,38.8,0.0,0.0
2025-11-24,52.4,39.6,44.3,0.0,0.0
2025-11-25,54.9,37.2,45.9,0.402,0.0
2025-11-26,59.7,51.5,55.7,0.181,0.0
2025-11-27,50.6,36.4,42.1,0.0,0.0
2025-11-28,42.2,32.1,36.5,0.0,0.0
2025-11-29,42.4,31.6,35.3,0.0,0.0
2025-11-30,40.8,31.4,37.0,0.13,0.0
2025-12-01,42.9,31.4,37.7,0.0,0.0
2025-12-02,37.3,29.1,33.5,0.677,0.055
2025-12-03,39.7,29.7,34.1,0.0,0.0
2025-12-04,41.8,25.9,33.1,0.004,0.028
2025-12-05,30.7,19.9,25.7,0.0,0.0
2025-12-06,39.8,28.8,32.9,0.016,0.11
2025-12-07,41.1,28.9,34.7,0.0,0.0
2025-12-08,35.2,24.0,28.7,0.0,0.0
2025-12-09,31.4,18.6,25.0,0.0,0.0
2025-12-10,43.6,30.8,36.6,0.122,0.0
2025-12-11,39.1,28.0,33.5,0.0,0.0
2025-12-12,34.8,23.3,28.6,0.0,0.0
2025-12-13,38.8,24.0,30.7,0.031,0.22
2025-12-14,32.9,17.9,27.3,0.461,3.224
2025-12-15,26.8,16.6,20.8,0.0,0.0
2025-12-16,27.8,15.3,22.0,0.0,0.0
2025-12-17,39.7,20.4,30.9,0.0,0.0
2025-12-18,42.6,23.7,34.9,0.0,0.0
2025-12-19,58.1,31.3,48.1,1.031,0.0
2025-12-20,36.4,28.2,31.9,0.0,0.0
2025-12-21,46.2,28.8,36.3,0.0,0.0
2025-12-22,37.6,26.6,31.0,0.0,0.0
2025-12-23,37.6,32.4,34.5,0.114,0.579
2025-12-24,45.3,30.3,38.2,0.0,0.0
2025-12-25,47.0,29.0,35.7,0.0,0.0
2025-12-26,27.2,21.6,24.6,0.291,2.039
2025-12-27,30.2,18.9,25.5,0.209,1.35
2025-12-28,33.9,11.2,21.5,0.035,0.0
2025-12-29,45.2,29.5,38.3,0.154,0.0
2025-12-30,31.6,26.6,29.6,0.0,0.0
2025-12-31,31.6,25.4,28.0,0.0,0.0
2026-01-01,33.2,19.2,25.8,0.043,0.303
2026-01-02,29.8,18.9,24.1,0.012,0.083
2026-01-03,30.8,19.9,25.7,0.0,0.0
2026-01-04,33.8,24.0,28.0,0.012,0.083
2026-01-05,33.6,22.3,28.8,0.031,0.22
2026-01-06,39.1,28.0,33.7,0.024,0.055
2026-01-07,48.8,33.4,40.7,0.012,0.0
2026-01-08,50.2,34.7,41.2,0.0,0.0
2026-01-09,51.7,32.5,41.7,0.142,0.0
2026-01-10,48.6,39.7,42.8,0.531,0.0
2026-01-11,46.9,34.2,41.4,0.012,0.0
2026-01-12,40.6,29.9,34.4,0.0,0.0
2026-01-13,45.4,30.7,36.8,0.0,0.0
2026-01-14,49.7,39.5,43.6,0.004,0.0
2026-01-15,43.9,24.1,36.3,0.004,0.0
2026-01-16,32.2,21.3,26.9,0.0,0.0
2026-01-17,35.6,24.5,31.5,0.185,1.295
2026-01-18,32.9,23.7,29.4,0.362,2.535
2026-01-19,29.8,19.3,25.4,0.0,0.0
2026-01-20,23.7,11.4,16.1,0.0,0.0
2026-01-21,34.3,4.3,18.3,0.0,0.0
2026-01-22,44.3,33.5,37.5,0.008,0.055
2026-01-23,36.1,18.6,30.2,0.0,0.0
2026-01-24,18.7,8.4,13.7,0.0,0.0
2026-01-25,23.5,10.0,14.5,1.303,7.441
2026-01-26,26.3,16.7,21.1,0.016,0.083
2026-01-27,18.8,8.0,13.6,0.004,0.028
2026-01-28,19.9,8.0,13.3,0.0,0.0
2026-01-29,17.5,4.7,10.8,0.0,0.0
2026-01-30,15.3,4.3,9.4,0.0,0.0
2026-01-31,19.0,-0.9,8.0,0.0,0.0
2026-02-01,20.1,6.6,12.8,0.0,0.0
2026-02-02,30.5,12.2,19.9,0.0,0.0
2026-02-03,30.4,7.6,19.1,0.0,0.0
2026-02-04,30.0,14.0,23.1,0.0,0.0
2026-02-05,27.4,8.5,17.3,0.0,0.0
2026-02-06,27.7,9.6,18.5,0.008,0.055
2026-02-07,25.3,2.3,13.6,0.035,0.248
2026-02-08,13.7,0.0,6.3,0.0,0.0
2026-02-09,24.8,5.6,14.3,0.0,0.0
2026-02-10,31.6,14.3,22.7,0.0,0.0
2026-02-11,38.1,28.4,33.4,0.012,0.0
2026-02-12,33.5,24.4,29.4,0.0,0.0
2026-02-13,34.0,16.7,24.8,0.0,0.0
2026-02-14,38.8,18.1,29.6,0.0,0.0
2026-02-15,36.5,20.8,29.4,0.024,0.165
2026-02-16,35.8,28.3,31.9,0.071,0.496
2026-02-17,42.4,32.5,36.3,0.0,0.0
2026-02-18,38.8,31.2,35.0,0.102,0.0
2026-02-19,39.0,34.5,36.3,0.0,0.0
2026-02-20,39.9,34.3,35.9,0.378,0.0
2026-02-21,46.4,30.5,39.1,0.0,0.0
2026-02-22,37.7,31.0,34.2,0.551,3.307
2026-02-23,34.6,29.0,31.5,0.831,5.815
2026-02-24,29.1,12.4,24.0,0.0,0.0
2026-02-25,36.6,12.3,30.5,0.071,0.413
2026-02-26,38.7,24.9,34.2,0.012,0.0
2026-02-27,33.9,15.5,26.1,0.0,0.0
2026-02-28,37.0,20.3,28.7,0.0,0.0
2026-03-01,37.7,24.6,31.6,0.035,0.165
2026-03-02,28.4,14.2,21.6,0.0,0.0
2026-03-03,34.2,21.0,30.4,0.358,0.661
2026-03-04,47.6,32.9,38.7,0.083,0.0
2026-03-05,42.4,36.3,38.5,0.587,0.0
2026-03-06,42.6,36.4,38.6,0.531,0.0
2026-03-07,49.3,36.8,41.6,0.0,0.0
2026-03-08,68.8,48.7,56.0,0.035,0.0
2026-03-09,69.8,39.7,53.6,0.0,0.0
2026-03-10,75.9,43.7,58.8,0.0,0.0
2026-03-11,72.1,52.3,61.3,0.02,0.0
2026-03-12,64.7,34.7,46.8,0.575,0.193
2026-03-13,41.7,28.6,36.4,0.075,0.386
2026-03-14,51.0,37.0,42.9,0.0,0.0
2026-03-15,44.7,34.0,38.8,0.0,0.0
2026-03-16,63.6,45.4,54.2,0.634,0.0
2026-03-17,56.5,31.3,38.1,0.189,0.0
2026-03-18,36.1,24.8,29.7,0.0,0.0
2026-03-19,40.6,28.3,34.8,0.0,0.0
2026-03-20,55.0,33.1,44.6,0.126,0.0
2026-03-21,57.3,43.5,50.2,0.024,0.0
2026-03-22,61.7,41.1,50.7,0.228,0.248
2026-03-23,50.9,34.8,42.6,0.516,0.0
2026-03-24,46.9,31.5,38.1,0.0,0.0
2026-03-25,51.0,33.1,42.1,0.0,0.0
2026-03-26,72.6,43.6,58.8,0.0,0.0
2026-03-27,64.3,39.8,52.0,0.169,0.0
2026-03-28,43.0,28.8,36.8,0.0,0.0
2026-03-29,54.5,29.3,41.5,0.0,0.0
2026-03-30,69.8,44.5,56.5,0.0,0.0
2026-03-31,80.0,59.3,69.4,0.024,0.0
2026-04-01,79.9,55.3,69.7,0.043,0.0
2026-04-02,54.0,42.5,46.5,0.228,0.0
2026-04-03,70.2,41.7,53.2,0.008,0.0
2026-04-04,72.3,44.5,59.3,0.0,0.0
2026-04-05,60.6,43.3,51.8,0.272,0.0
2026-04-06,55.2,39.2,47.9,0.0,0.0
2026-04-07,53.2,34.3,45.7,0.0,0.0
2026-04-08,48.8,29.2,37.6,0.0,0.0
2026-04-09,49.4,31.7,40.8,0.0,0.0
2026-04-10,63.2,37.6,49.2,0.0,0.0
2026-04-11,63.7,50.3,56.9,0.028,0.0
2026-04-12,55.0,41.8,48.7,0.0,0.0
2026-04-13,79.7,47.3,64.7,0.055,0.0
2026-04-14,88.0,60.7,75.5,0.0,0.0
2026-04-15,90.9,65.4,79.3,0.024,0.0
2026-04-16,92.1,73.0,80.9,0.0,0.0
2026-04-17,79.2,64.8,73.6,0.181,0.0
2026-04-18,67.4,51.1,58.1,0.0,0.0
2026-04-19,53.0,43.7,48.6,0.177,0.0
2026-04-20,50.4,36.3,43.9,0.071,0.055
2026-04-21,52.4,31.9,42.3,0.0,0.0
2026-04-22,55.0,43.4,48.9,0.059,0.0
2026-04-23,72.4,43.3,59.1,0.228,0.0
2026-04-24,69.6,49.3,58.9,0.0,0.0
2026-04-25,50.2,42.4,46.1,0.882,0.0
2026-04-26,56.9,41.7,47.7,0.197,0.0
2026-04-27,67.2,42.0,53.3,0.0,0.0
2026-04-28,64.6,44.6,54.2,0.0,0.0
2026-04-29,62.4,49.1,53.9,0.094,0.0
2026-04-30,60.3,47.8,53.4,0.315,0.0
2026-05-01,66.2,44.4,53.4,0.004,0.0
2026-05-02,59.7,48.2,53.9,0.075,0.0
2026-05-03,58.3,44.0,51.5,0.0,0.0
2026-05-04,76.0,47.2,61.4,0.0,0.0
2026-05-05,84.9,59.5,72.0,0.0,0.0
2026-05-06,73.2,60.3,67.5,0.173,0.0
2026-05-07,67.3,51.2,57.5,0.161,0.0
2026-05-08,65.4,47.0,57.1,0.02,0.0
2026-05-09,65.5,52.3,57.4,0.319,0.0
2026-05-10,76.1,50.0,61.5,0.193,0.0
2026-05-11,62.4,51.8,57.0,0.0,0.0
2026-05-12,68.2,45.1,55.9,0.0,0.0
2026-05-13,76.3,52.3,62.4,0.0,0.0
2026-05-14,66.8,55.2,59.7,0.098,0.0
2026-05-15,66.8,49.2,59.3,0.008,0.0
2026-05-16,83.3,52.2,69.5,0.0,0.0
2026-05-17,91.2,67.3,79.4,0.0,0.0
2026-05-18,89.5,69.8,80.5,0.0,0.0
2026-05-19,96.4,73.9,85.6,0.028,0.0
2026-05-20,94.3,71.3,82.0,0.272,0.0
2026-05-21,69.8,57.5,62.1,0.398,0.0
2026-05-22,68.5,55.4,60.3,0.0,0.0
2026-05-23,56.6,50.6,53.6,0.512,0.0
2026-05-24,59.6,50.5,54.7,1.39,0.0
2026-05-25,73.3,56.8,63.7,0.177,0.0
2026-05-26,79.3,58.8,68.8,0.0,0.0
2026-05-27,80.9,65.8,73.1,0.0,0.0
2026-05-28,76.2,64.2,70.9,0.0,0.0
2026-05-29,80.6,57.7,69.1,0.016,0.0
2026-05-30,69.0,53.0,60.2,0.024,0.0
2026-05-31,78.1,49.0,64.4,0.0,0.0
2026-06-01,72.3,56.6,64.9,0.008,0.0
2026-06-02,77.9,51.4,65.9,0.0,0.0
2026-06-03,85.1,60.4,72.9,0.0,0.0
2026-06-04,89.5,61.7,74.6,0.0,0.0
2026-06-05,92.7,64.9,78.6,0.0,0.0
2026-06-06,93.7,69.8,80.2,0.343,0.0
2026-06-07,84.6,67.8,75.7,0.02,0.0
2026-06-08,75.9,63.8,68.9,0.0,0.0
2026-06-09,81.8,58.1,70.3,0.0,0.0
2026-06-10,84.7,69.2,77.2,0.142,0.0
2026-06-11,95.7,72.5,83.3,0.094,0.0
2026-06-12,92.7,75.5,82.5,0.201,0.0
2026-06-13,90.4,71.2,81.6,0.0,0.0
2026-06-14,92.0,71.2,80.9,0.055,0.0
2026-06-15,76.0,64.2,71.1,0.752,0.0
2026-06-16,79.3,57.7,67.3,0.0,0.0
2026-06-17,78.4,62.4,70.1,0.051,0.0
2026-06-18,89.4,67.6,78.4,0.039,0.0
2026-06-19,84.7,71.2,77.8,0.0,0.0
2026-06-20,84.8,66.7,75.9,0.0,0.0
2026-06-21,84.7,65.9,76.6,0.0,0.0
2026-06-22,76.9,70.3,72.8,0.291,0.0
2026-06-23,71.4,68.2,69.9,0.839,0.0
2026-06-24,82.6,64.0,73.3,0.0,0.0
2026-06-25,84.2,63.8,74.3,0.004,0.0
2026-06-26,82.7,66.7,74.8,0.28,0.0
2026-06-27,79.1,69.9,73.6,0.48,0.0
2026-06-28,81.1,67.8,74.0,0.102,0.0
2026-06-29,88.8,66.9,78.0,0.0,0.0
2026-06-30,93.1,72.0,82.9,0.039,0.0
2026-07-01,96.4,73.9,84.4,0.189,0.0
2026-07-02,105.2,81.1,92.7,0.071,0.0
2026-07-03,103.9,84.3,92.8,0.059,0.0
2026-07-04,96.7,77.2,87.1,0.134,0.0
2026-07-05,83.6,71.8,76.7,0.76,0.0
2026-07-06,71.8,66.7,69.2,2.02,0.0
2026-07-07,72.7,64.5,68.8,0.047,0.0
2026-07-08,85.6,64.5,73.8,0.0,0.0
2026-07-09,85.8,69.3,75.9,0.283,0.0
2026-07-10,85.5,73.0,78.4,0.039,0.0
2026-07-11,82.3,71.6,76.2,0.488,0.0
2026-07-12,85.3,67.6,76.1,0.008,0.0
2026-07-13,85.7,67.3,77.2,0.012,0.0
2026-07-14,93.6,70.4,83.0,0.0,0.0
2026-07-15,98.3,77.8,86.4,0.028,0.0
2026-07-16,91.8,74.2,82.1,0.016,0.0
2026-07-17,88.3,71.0,79.8,0.0,0.0
2026-07-18,80.5,71.2,74.5,1.161,0.0
2026-07-19,80.4,71.2,75.3,0.075,0.0
2026-07-20,84.4,62.2,73.7,0.0,0.0
2026-07-21,82.7,70.6,75.1,0.823,0.0
2026-07-22,86.0,71.7,78.1,0.016,0.0
2026-07-23,82.2,63.6,72.9,0.0,0.0
2026-07-24,82.4,63.5,73.0,0.0,0.0
2026-07-25,81.7,64.0,72.7,0.0,0.0
2026-07-26,85.4,63.0,74.2,0.016,0.0
2026-07-27,86.5,69.0,76.1,0.142,0.0
2026-07-28,81.2,69.4,73.3,0.827,0.0
2026-07-29,82.3,69.5,73.7,1.461,0.0
2026-07-30,77.4,67.3,72.0,0.224,0.0
2026-07-31,84.5,67.1,75.1,0.031,0.0
2026-08-01,85.3,69.7,77.5,0.043,0.0
2026-08-02,82.3,73.2,77.6,0.433,0.0
2026-08-03,83.0,72.6,76.6,1.335,0.0
2026-08-04,83.6,65.4,74.2,0.0,0.0
2026-08-05,82.6,68.3,75.2,0.059,0.0
2026-08-06,90.6,73.9,82.0,0.205,0.0
2026-08-07,95.4,76.3,82.4,0.169,0.0
2026-08-08,88.3,73.1,79.6,0.094,0.0
2026-08-09,92.0,74.3,83.4,0.0,0.0
2026-08-10,90.7,71.8,80.0,0.138,0.0
2026-08-11,88.1,72.2,78.4,0.252,0.0
2026-08-12,89.1,72.7,80.6,0.008,0.0
2026-08-13,84.9,68.3,77.3,0.626,0.0
2026-08-14,84.8,69.7,77.2,0.008,0.0
2026-08-15,83.6,65.7,74.8,0.0,0.0
2026-08-16,80.4,67.6,73.1,0.209,0.0
2026-08-17,81.6,69.3,75.0,0.283,0.0
2026-08-18,85.1,71.6,77.1,0.169,0.0
2026-08-19,86.5,68.5,77.0,0.0,0.0
2026-08-20,84.1,65.7,74.3,1.248,0.0
2026-08-21,78.2,64.1,70.5,0.004,0.0
2026-08-22,76.4,67.5,71.3,0.02,0.0
2026-08-23,80.3,67.9,73.4,0.354,0.0
2026-08-24,78.5,62.5,71.1,0.016,0.0
2026-08-25,77.5,62.3,70.1,0.004,0.0
2026-08-26,81.4,62.8,71.5,0.0,0.0
2026-08-27,80.0,69.0,74.0,0.26,0.0
2026-08-28,84.2,70.1,75.7,0.028,0.0
2026-08-29,79.5,62.3,71.5,0.0,0.0
2026-08-30,83.6,63.2,73.5,0.236,0.0
2026-08-31,80.0,68.8,73.2,0.11,0.0
2026-09-01,82.9,69.4,73.8,0.972,0.0
2026-09-02,71.3,67.4,69.1,0.189,0.0
2026-09-03,86.1,67.7,76.1,0.453,0.0
2026-09-04,84.2,71.2,77.2,0.283,0.0
2026-09-05,78.3,67.6,72.9,0.016,0.0
2026-09-06,75.6,63.3,68.9,0.075,0.0
2026-09-07,78.7,59.8,69.8,0.0,0.0
2026-09-08,80.7,61.3,71.3,0.0,0.0
2026-09-09,87.4,64.9,76.0,0.0,0.0
2026-09-10,87.4,70.6,79.5,0.039,0.0
2026-09-11,80.6,69.9,74.6,0.0,0.0
2026-09-12,78.4,61.4,70.1,0.0,0.0
2026-09-13,80.5,69.0,73.2,1.555,0.0
2026-09-14,74.1,62.1,70.2,0.0,0.0
2026-09-15,72.0,54.6,63.3,0.0,0.0
2026-09-16,79.1,58.6,68.1,0.0,0.0
2026-09-17,84.3,68.6,75.9,0.004,0.0
2026-09-18,82.0,70.9,75.4,0.008,0.0
2026-09-19,73.6,62.1,66.8,0.0,0.0
2026-09-20,70.3,63.4,66.8,0.429,0.0
2026-09-21,71.0,60.1,65.2,0.094,0.0
2026-09-22,66.0,57.5,60.9,0.083,0.0
2026-09-23,67.3,53.7,59.5,0.0,0.0
2026-09-24,66.0,51.2,58.4,0.0,0.0
2026-09-25,71.5,54.2,62.5,0.059,0.0
2026-09-26,63.9,56.5,59.3,0.945,0.0
2026-09-27,65.6,57.3,60.7,2.016,0.0
2026-09-28,63.8,58.4,60.9,0.512,0.0
2026-09-29,70.5,59.5,65.0,0.0,0.0
2026-09-30,74.7,57.7,65.8,0.0,0.0
2026-10-01,75.7,62.6,68.7,0.02,0.0
